user_id,registration_date,channel,device,country
U0001,2023-11-24,organic_search,mobile,Germany
U0002,2023-03-13,email,mobile,Netherlands
U0003,2023-02-14,social_media,desktop,Germany
U0004,2023-04-30,paid_search,desktop,Germany
U0005,2023-11-29,social_media,desktop,Germany
U0006,2023-05-23,email,desktop,Netherlands
U0007,2023-08-05,organic_search,desktop,France
U0008,2023-06-22,organic_search,desktop,Germany
U0009,2023-06-26,social_media,mobile,Switzerland
U0010,2023-10-02,organic_search,tablet,Germany
U0011,2023-05-31,email,mobile,Netherlands
U0012,2023-10-23,organic_search,desktop,Switzerland
U0013,2023-05-29,referral,tablet,Netherlands
U0014,2023-07-14,organic_search,mobile,Germany
U0015,2023-07-09,paid_search,mobile,Switzerland
U0016,2023-11-28,organic_search,mobile,Austria
U0017,2023-05-06,organic_search,desktop,France
U0018,2023-11-24,social_media,desktop,Germany
U0019,2023-01-29,organic_search,desktop,Germany
U0020,2023-05-18,organic_search,tablet,Austria
U0021,2023-06-11,organic_search,mobile,Netherlands
U0022,2023-11-26,paid_search,desktop,Germany
U0023,2023-10-15,paid_search,mobile,Germany
U0024,2023-10-26,paid_search,desktop,France
U0025,2023-09-18,paid_search,mobile,Netherlands
U0026,2023-03-20,social_media,mobile,Germany
U0027,2023-02-02,paid_search,mobile,Germany
U0028,2023-05-09,referral,tablet,Germany
U0029,2023-02-28,social_media,mobile,Germany
U0030,2023-11-25,organic_search,desktop,Germany
U0031,2023-01-02,referral,tablet,Germany
U0032,2023-09-14,email,mobile,Germany
U0033,2023-11-17,organic_search,mobile,Austria
U0034,2023-03-20,paid_search,desktop,France
U0035,2023-09-29,direct,mobile,Germany
U0036,2023-02-27,direct,tablet,Netherlands
U0037,2023-06-07,organic_search,desktop,Austria
U0038,2023-02-10,organic_search,mobile,Germany
U0039,2023-09-30,email,desktop,Germany
U0040,2023-10-09,organic_search,mobile,Austria
U0041,2023-04-19,direct,mobile,Switzerland
U0042,2023-06-09,paid_search,mobile,Germany
U0043,2023-09-22,paid_search,desktop,Germany
U0044,2023-01-11,social_media,desktop,Germany
U0045,2023-02-06,social_media,desktop,Germany
U0046,2023-01-17,direct,desktop,Germany
U0047,2023-09-06,organic_search,desktop,France
U0048,2023-10-20,social_media,desktop,Germany
U0049,2023-07-28,organic_search,desktop,Germany
U0050,2023-08-05,paid_search,tablet,Germany
U0051,2023-12-01,referral,desktop,Germany
U0052,2023-06-23,email,desktop,Germany
U0053,2023-10-02,paid_search,desktop,Germany
U0054,2023-05-08,direct,desktop,Netherlands
U0055,2023-10-09,organic_search,mobile,Austria
U0056,2023-01-08,referral,tablet,Netherlands
U0057,2023-03-27,paid_search,mobile,Netherlands
U0058,2023-01-31,organic_search,desktop,Germany
U0059,2023-08-21,organic_search,mobile,Switzerland
U0060,2023-10-12,social_media,mobile,Germany
U0061,2023-04-22,referral,mobile,Austria
U0062,2023-06-10,organic_search,mobile,Austria
U0063,2023-09-29,organic_search,tablet,Germany
U0064,2023-04-06,organic_search,desktop,Netherlands
U0065,2023-07-26,organic_search,tablet,Germany
U0066,2023-11-01,organic_search,desktop,Switzerland
U0067,2023-10-17,paid_search,tablet,Germany
U0068,2023-06-10,organic_search,desktop,Switzerland
U0069,2023-06-03,paid_search,tablet,France
U0070,2023-01-05,paid_search,tablet,France
U0071,2023-02-07,paid_search,mobile,Germany
U0072,2023-06-28,direct,tablet,Germany
U0073,2023-03-22,paid_search,mobile,Germany
U0074,2023-12-01,paid_search,mobile,Austria
U0075,2023-02-23,direct,desktop,Germany
U0076,2023-02-24,email,desktop,Germany
U0077,2023-04-18,social_media,desktop,Austria
U0078,2023-05-16,paid_search,desktop,Netherlands
U0079,2023-01-27,organic_search,desktop,Germany
U0080,2023-01-02,organic_search,desktop,France
U0081,2023-03-24,email,mobile,Germany
U0082,2023-01-05,organic_search,tablet,Switzerland
U0083,2023-03-18,paid_search,mobile,Austria
U0084,2023-03-17,paid_search,desktop,Germany
U0085,2023-01-21,direct,desktop,Germany
U0086,2023-02-22,paid_search,mobile,Netherlands
U0087,2023-11-14,email,tablet,Germany
U0088,2023-03-25,referral,mobile,Netherlands
U0089,2023-01-13,organic_search,tablet,Switzerland
U0090,2023-07-30,email,tablet,Netherlands
U0091,2023-05-17,organic_search,mobile,Germany
U0092,2023-01-20,direct,desktop,Netherlands
U0093,2023-08-24,organic_search,mobile,Netherlands
U0094,2023-04-25,organic_search,desktop,Germany
U0095,2023-02-05,referral,desktop,Austria
U0096,2023-07-24,social_media,mobile,Germany
U0097,2023-01-15,organic_search,tablet,Germany
U0098,2023-05-16,organic_search,mobile,Germany
U0099,2023-06-10,paid_search,tablet,Germany
U0100,2023-10-23,organic_search,desktop,Germany
U0101,2023-09-24,direct,mobile,Switzerland
U0102,2023-04-11,paid_search,desktop,Switzerland
U0103,2023-06-19,social_media,mobile,Germany
U0104,2023-06-03,paid_search,mobile,Germany
U0105,2023-06-01,social_media,desktop,Switzerland
U0106,2023-07-14,social_media,tablet,Austria
U0107,2023-06-04,paid_search,mobile,Germany
U0108,2023-04-18,paid_search,mobile,Switzerland
U0109,2023-08-27,paid_search,mobile,Austria
U0110,2023-03-28,social_media,desktop,Switzerland
U0111,2023-11-14,organic_search,mobile,Switzerland
U0112,2023-06-08,organic_search,desktop,Germany
U0113,2023-05-06,referral,mobile,Switzerland
U0114,2023-08-22,paid_search,mobile,Germany
U0115,2023-07-16,paid_search,desktop,Switzerland
U0116,2023-01-03,direct,tablet,Netherlands
U0117,2023-08-06,organic_search,mobile,Switzerland
U0118,2023-08-26,organic_search,desktop,Netherlands
U0119,2023-08-22,organic_search,mobile,Austria
U0120,2023-10-14,social_media,tablet,Netherlands
U0121,2023-11-10,email,tablet,Germany
U0122,2023-10-08,paid_search,desktop,Netherlands
U0123,2023-08-19,organic_search,desktop,Austria
U0124,2023-09-24,paid_search,desktop,Germany
U0125,2023-05-27,organic_search,desktop,Netherlands
U0126,2023-02-11,organic_search,desktop,Switzerland
U0127,2023-04-20,organic_search,desktop,Austria
U0128,2023-08-01,organic_search,mobile,Germany
U0129,2023-10-27,direct,desktop,Netherlands
U0130,2023-10-22,paid_search,desktop,Germany
U0131,2023-07-19,direct,tablet,Germany
U0132,2023-10-07,email,tablet,Germany
U0133,2023-05-20,paid_search,desktop,Germany
U0134,2023-07-27,social_media,mobile,Netherlands
U0135,2023-11-15,paid_search,tablet,Austria
U0136,2023-01-14,organic_search,desktop,Netherlands
U0137,2023-04-04,organic_search,desktop,Germany
U0138,2023-06-17,organic_search,tablet,Germany
U0139,2023-08-04,organic_search,desktop,Germany
U0140,2023-10-04,organic_search,tablet,Germany
U0141,2023-02-05,email,mobile,Switzerland
U0142,2023-05-07,organic_search,desktop,Germany
U0143,2023-03-06,paid_search,desktop,France
U0144,2023-08-27,social_media,mobile,Germany
U0145,2023-11-07,referral,mobile,Switzerland
U0146,2023-03-25,referral,desktop,Germany
U0147,2023-06-09,social_media,tablet,Germany
U0148,2023-04-12,organic_search,mobile,Austria
U0149,2023-02-22,social_media,desktop,Switzerland
U0150,2023-03-03,email,mobile,Germany
U0151,2023-09-30,paid_search,desktop,Austria
U0152,2023-06-24,organic_search,desktop,Germany
U0153,2023-08-10,referral,mobile,Netherlands
U0154,2023-03-20,paid_search,mobile,France
U0155,2023-05-19,social_media,tablet,Switzerland
U0156,2023-08-27,paid_search,mobile,Germany
U0157,2023-05-06,email,desktop,Netherlands
U0158,2023-05-05,email,mobile,Switzerland
U0159,2023-06-22,organic_search,tablet,Germany
U0160,2023-04-19,paid_search,desktop,Germany
U0161,2023-11-02,social_media,desktop,Germany
U0162,2023-04-08,organic_search,mobile,Germany
U0163,2023-05-04,social_media,mobile,Germany
U0164,2023-01-09,organic_search,desktop,Switzerland
U0165,2023-06-06,social_media,desktop,Austria
U0166,2023-06-26,paid_search,mobile,Germany
U0167,2023-08-21,organic_search,desktop,Germany
U0168,2023-04-09,organic_search,mobile,France
U0169,2023-04-05,organic_search,mobile,Germany
U0170,2023-10-29,referral,mobile,Germany
U0171,2023-02-21,email,desktop,Germany
U0172,2023-06-04,organic_search,mobile,Germany
U0173,2023-01-28,social_media,mobile,Germany
U0174,2023-09-09,organic_search,desktop,Germany
U0175,2023-09-03,paid_search,desktop,Germany
U0176,2023-09-02,organic_search,desktop,Germany
U0177,2023-10-23,social_media,desktop,Germany
U0178,2023-10-16,direct,desktop,Germany
U0179,2023-10-13,email,mobile,Switzerland
U0180,2023-04-26,email,desktop,Netherlands
U0181,2023-06-02,direct,tablet,Germany
U0182,2023-11-14,organic_search,tablet,Germany
U0183,2023-04-17,social_media,desktop,Germany
U0184,2023-05-03,organic_search,desktop,Germany
U0185,2023-08-19,social_media,mobile,Germany
U0186,2023-05-28,social_media,mobile,Germany
U0187,2023-04-30,direct,mobile,Austria
U0188,2023-04-12,paid_search,mobile,Austria
U0189,2023-05-17,email,desktop,Germany
U0190,2023-06-07,social_media,mobile,France
U0191,2023-08-13,organic_search,mobile,Switzerland
U0192,2023-05-20,paid_search,mobile,Germany
U0193,2023-01-21,direct,mobile,Austria
U0194,2023-01-14,organic_search,tablet,Netherlands
U0195,2023-10-22,social_media,desktop,Switzerland
U0196,2023-05-18,social_media,mobile,Germany
U0197,2023-09-23,social_media,tablet,Germany
U0198,2023-10-27,paid_search,mobile,France
U0199,2023-08-29,organic_search,desktop,Switzerland
U0200,2023-03-24,organic_search,mobile,Germany
U0201,2023-07-25,email,mobile,Germany
U0202,2023-06-11,organic_search,desktop,Switzerland
U0203,2023-09-21,email,desktop,Netherlands
U0204,2023-08-25,paid_search,desktop,Germany
U0205,2023-09-13,social_media,mobile,Germany
U0206,2023-10-09,organic_search,desktop,Netherlands
U0207,2023-09-06,organic_search,tablet,Austria
U0208,2023-05-03,social_media,desktop,Germany
U0209,2023-07-28,organic_search,tablet,Netherlands
U0210,2023-08-25,direct,mobile,Germany
U0211,2023-05-30,paid_search,desktop,Netherlands
U0212,2023-08-30,organic_search,mobile,Germany
U0213,2023-11-03,paid_search,tablet,Netherlands
U0214,2023-05-22,email,tablet,Germany
U0215,2023-09-17,organic_search,desktop,Switzerland
U0216,2023-10-28,social_media,mobile,Netherlands
U0217,2023-08-17,paid_search,desktop,Austria
U0218,2023-10-06,paid_search,tablet,Netherlands
U0219,2023-05-03,social_media,desktop,Switzerland
U0220,2023-01-23,organic_search,mobile,Netherlands
U0221,2023-07-15,paid_search,mobile,Netherlands
U0222,2023-03-19,paid_search,desktop,Austria
U0223,2023-10-30,organic_search,desktop,Netherlands
U0224,2023-02-21,paid_search,mobile,Switzerland
U0225,2023-07-29,direct,tablet,Germany
U0226,2023-05-16,organic_search,mobile,Austria
U0227,2023-06-18,direct,tablet,Germany
U0228,2023-06-12,social_media,tablet,Germany
U0229,2023-10-05,organic_search,desktop,Austria
U0230,2023-05-28,referral,mobile,Germany
U0231,2023-02-20,email,mobile,Germany
U0232,2023-03-27,social_media,tablet,Germany
U0233,2023-01-29,organic_search,desktop,Germany
U0234,2023-09-29,paid_search,mobile,Germany
U0235,2023-03-31,organic_search,tablet,Austria
U0236,2023-05-04,paid_search,mobile,Germany
U0237,2023-11-23,organic_search,desktop,Germany
U0238,2023-08-27,direct,mobile,Germany
U0239,2023-08-15,direct,tablet,Germany
U0240,2023-08-06,social_media,mobile,Germany
U0241,2023-07-16,direct,desktop,Germany
U0242,2023-07-03,social_media,tablet,Germany
U0243,2023-07-22,organic_search,mobile,Switzerland
U0244,2023-01-26,direct,mobile,Netherlands
U0245,2023-05-27,email,desktop,Netherlands
U0246,2023-04-23,social_media,mobile,Switzerland
U0247,2023-03-12,social_media,tablet,Austria
U0248,2023-06-08,email,desktop,Germany
U0249,2023-03-09,organic_search,desktop,Switzerland
U0250,2023-03-31,organic_search,mobile,Netherlands
U0251,2023-07-07,paid_search,tablet,Netherlands
U0252,2023-05-12,direct,tablet,France
U0253,2023-06-01,email,desktop,Germany
U0254,2023-02-08,organic_search,tablet,Netherlands
U0255,2023-07-23,referral,mobile,Germany
U0256,2023-07-22,organic_search,mobile,Germany
U0257,2023-05-15,social_media,mobile,France
U0258,2023-02-25,social_media,mobile,Austria
U0259,2023-10-15,organic_search,mobile,Austria
U0260,2023-11-22,email,tablet,Germany
U0261,2023-07-29,organic_search,desktop,Germany
U0262,2023-09-10,organic_search,desktop,Austria
U0263,2023-07-18,paid_search,mobile,Switzerland
U0264,2023-10-04,paid_search,mobile,Germany
U0265,2023-08-01,social_media,mobile,Austria
U0266,2023-05-24,organic_search,desktop,Germany
U0267,2023-05-01,direct,desktop,Switzerland
U0268,2023-10-06,direct,mobile,Germany
U0269,2023-05-22,organic_search,desktop,Netherlands
U0270,2023-08-21,organic_search,desktop,Austria
U0271,2023-01-11,organic_search,desktop,France
U0272,2023-10-17,organic_search,mobile,Austria
U0273,2023-10-28,organic_search,tablet,Germany
U0274,2023-03-17,email,mobile,Germany
U0275,2023-03-16,referral,mobile,Switzerland
U0276,2023-02-26,social_media,desktop,Germany
U0277,2023-05-02,social_media,desktop,Germany
U0278,2023-03-06,email,mobile,Switzerland
U0279,2023-09-01,paid_search,desktop,Austria
U0280,2023-08-20,paid_search,tablet,Germany
U0281,2023-09-24,organic_search,mobile,Germany
U0282,2023-09-03,email,desktop,Germany
U0283,2023-08-16,organic_search,desktop,Austria
U0284,2023-02-03,organic_search,mobile,Austria
U0285,2023-06-16,paid_search,mobile,Germany
U0286,2023-09-16,social_media,desktop,Switzerland
U0287,2023-11-30,direct,mobile,Netherlands
U0288,2023-08-09,paid_search,desktop,Germany
U0289,2023-08-21,paid_search,mobile,Germany
U0290,2023-06-10,social_media,desktop,Germany
U0291,2023-08-31,organic_search,mobile,Germany
U0292,2023-02-19,email,desktop,Germany
U0293,2023-01-31,social_media,mobile,Germany
U0294,2023-03-04,paid_search,tablet,France
U0295,2023-08-05,direct,mobile,France
U0296,2023-11-04,organic_search,desktop,Austria
U0297,2023-03-21,social_media,desktop,Germany
U0298,2023-10-12,paid_search,mobile,Austria
U0299,2023-08-08,email,tablet,Netherlands
U0300,2023-11-11,social_media,mobile,Austria
U0301,2023-05-17,organic_search,desktop,Switzerland
U0302,2023-06-23,paid_search,desktop,Germany
U0303,2023-07-25,organic_search,mobile,France
U0304,2023-02-16,email,desktop,Germany
U0305,2023-06-24,organic_search,desktop,Germany
U0306,2023-10-18,social_media,tablet,Germany
U0307,2023-11-13,organic_search,desktop,Germany
U0308,2023-08-06,paid_search,desktop,Germany
U0309,2023-09-20,organic_search,desktop,Germany
U0310,2023-10-31,paid_search,mobile,Germany
U0311,2023-07-22,referral,desktop,Germany
U0312,2023-04-19,email,mobile,Germany
U0313,2023-03-03,organic_search,mobile,Germany
U0314,2023-07-14,paid_search,desktop,Austria
U0315,2023-07-01,organic_search,tablet,Germany
U0316,2023-01-10,paid_search,desktop,Germany
U0317,2023-08-08,social_media,mobile,Germany
U0318,2023-02-28,paid_search,tablet,Germany
U0319,2023-11-13,paid_search,mobile,Germany
U0320,2023-08-12,email,desktop,Austria
U0321,2023-09-26,organic_search,tablet,Switzerland
U0322,2023-04-24,organic_search,desktop,Austria
U0323,2023-02-28,paid_search,desktop,Switzerland
U0324,2023-06-29,social_media,mobile,Netherlands
U0325,2023-05-01,organic_search,desktop,Germany
U0326,2023-03-20,email,mobile,Germany
U0327,2023-11-18,paid_search,mobile,Switzerland
U0328,2023-08-18,social_media,tablet,Austria
U0329,2023-11-16,organic_search,tablet,Germany
U0330,2023-08-14,organic_search,desktop,Germany
U0331,2023-05-21,social_media,desktop,Germany
U0332,2023-08-25,paid_search,desktop,Netherlands
U0333,2023-02-09,social_media,tablet,Germany
U0334,2023-11-01,paid_search,mobile,Austria
U0335,2023-01-22,paid_search,mobile,Switzerland
U0336,2023-06-14,social_media,mobile,France
U0337,2023-08-19,organic_search,tablet,Germany
U0338,2023-02-13,paid_search,desktop,Germany
U0339,2023-08-13,referral,mobile,Austria
U0340,2023-07-06,paid_search,desktop,Germany
U0341,2023-06-23,social_media,desktop,Austria
U0342,2023-06-21,organic_search,desktop,Switzerland
U0343,2023-05-26,organic_search,tablet,France
U0344,2023-11-05,direct,desktop,Austria
U0345,2023-03-14,direct,desktop,Switzerland
U0346,2023-07-20,organic_search,mobile,Germany
U0347,2023-10-14,paid_search,mobile,Netherlands
U0348,2023-09-27,organic_search,mobile,Austria
U0349,2023-01-10,paid_search,desktop,Germany
U0350,2023-09-06,organic_search,tablet,Germany
U0351,2023-06-01,email,desktop,Switzerland
U0352,2023-09-27,organic_search,desktop,Switzerland
U0353,2023-03-09,social_media,desktop,Germany
U0354,2023-11-16,email,desktop,Germany
U0355,2023-07-30,paid_search,mobile,France
U0356,2023-11-09,organic_search,mobile,Germany
U0357,2023-10-01,organic_search,tablet,Switzerland
U0358,2023-04-10,paid_search,tablet,France
U0359,2023-08-25,email,mobile,Austria
U0360,2023-08-03,referral,mobile,Netherlands
U0361,2023-03-12,direct,desktop,Germany
U0362,2023-07-10,social_media,desktop,Netherlands
U0363,2023-03-05,organic_search,mobile,Germany
U0364,2023-09-20,organic_search,desktop,France
U0365,2023-04-24,email,tablet,France
U0366,2023-08-01,organic_search,mobile,Germany
U0367,2023-02-11,paid_search,desktop,France
U0368,2023-11-29,organic_search,desktop,Germany
U0369,2023-08-30,social_media,desktop,Switzerland
U0370,2023-08-18,social_media,tablet,Germany
U0371,2023-04-21,email,mobile,Switzerland
U0372,2023-09-28,paid_search,mobile,Germany
U0373,2023-03-04,organic_search,desktop,Switzerland
U0374,2023-08-23,organic_search,mobile,Germany
U0375,2023-10-02,organic_search,mobile,Germany
U0376,2023-03-15,organic_search,desktop,Germany
U0377,2023-10-20,paid_search,mobile,Germany
U0378,2023-07-04,organic_search,mobile,Austria
U0379,2023-09-17,social_media,desktop,Germany
U0380,2023-11-22,paid_search,desktop,Switzerland
U0381,2023-07-02,email,desktop,Switzerland
U0382,2023-11-18,organic_search,mobile,Switzerland
U0383,2023-03-10,organic_search,mobile,Netherlands
U0384,2023-03-31,email,mobile,France
U0385,2023-09-03,social_media,mobile,Germany
U0386,2023-08-23,organic_search,desktop,Switzerland
U0387,2023-01-22,organic_search,desktop,Germany
U0388,2023-10-06,paid_search,desktop,Austria
U0389,2023-05-27,paid_search,mobile,Netherlands
U0390,2023-06-19,organic_search,mobile,Germany
U0391,2023-07-24,email,tablet,Germany
U0392,2023-04-06,paid_search,mobile,France
U0393,2023-09-23,organic_search,desktop,Germany
U0394,2023-08-09,social_media,mobile,Austria
U0395,2023-06-14,organic_search,desktop,Germany
U0396,2023-08-17,social_media,desktop,Switzerland
U0397,2023-06-29,paid_search,mobile,Netherlands
U0398,2023-11-11,referral,desktop,France
U0399,2023-01-30,organic_search,mobile,Germany
U0400,2023-03-23,referral,desktop,Austria
U0401,2023-08-13,organic_search,desktop,Switzerland
U0402,2023-07-07,paid_search,tablet,Germany
U0403,2023-03-20,social_media,tablet,Germany
U0404,2023-02-09,social_media,mobile,Germany
U0405,2023-11-29,organic_search,tablet,Germany
U0406,2023-04-06,paid_search,desktop,Austria
U0407,2023-05-15,email,mobile,Germany
U0408,2023-11-10,organic_search,tablet,Germany
U0409,2023-03-04,organic_search,desktop,Germany
U0410,2023-08-16,referral,mobile,France
U0411,2023-06-13,social_media,mobile,Austria
U0412,2023-05-29,direct,tablet,Switzerland
U0413,2023-11-23,organic_search,desktop,Germany
U0414,2023-04-13,email,desktop,Germany
U0415,2023-07-04,social_media,desktop,Netherlands
U0416,2023-10-10,organic_search,tablet,Germany
U0417,2023-07-23,referral,mobile,Austria
U0418,2023-07-29,email,desktop,France
U0419,2023-11-25,organic_search,mobile,Austria
U0420,2023-03-07,direct,mobile,Austria
U0421,2023-04-04,email,desktop,Austria
U0422,2023-01-29,email,mobile,Germany
U0423,2023-03-24,organic_search,mobile,Germany
U0424,2023-09-23,direct,mobile,Germany
U0425,2023-11-22,referral,desktop,Austria
U0426,2023-11-11,paid_search,mobile,Germany
U0427,2023-10-25,organic_search,mobile,Switzerland
U0428,2023-11-06,organic_search,tablet,Germany
U0429,2023-01-15,organic_search,tablet,Switzerland
U0430,2023-05-16,social_media,mobile,Germany
U0431,2023-11-24,organic_search,tablet,Austria
U0432,2023-11-25,referral,mobile,Netherlands
U0433,2023-07-27,organic_search,desktop,Germany
U0434,2023-08-14,paid_search,mobile,Germany
U0435,2023-03-15,organic_search,mobile,Switzerland
U0436,2023-06-26,referral,desktop,Germany
U0437,2023-10-15,organic_search,desktop,Germany
U0438,2023-08-19,organic_search,desktop,Germany
U0439,2023-07-16,direct,desktop,France
U0440,2023-03-23,email,tablet,Switzerland
U0441,2023-04-08,email,mobile,Austria
U0442,2023-09-13,direct,mobile,Germany
U0443,2023-07-21,paid_search,tablet,Germany
U0444,2023-06-30,organic_search,desktop,Austria
U0445,2023-12-01,social_media,desktop,Germany
U0446,2023-02-25,paid_search,tablet,Switzerland
U0447,2023-07-26,paid_search,desktop,Austria
U0448,2023-04-10,paid_search,desktop,Germany
U0449,2023-08-19,email,desktop,France
U0450,2023-11-09,organic_search,tablet,Germany
U0451,2023-06-23,social_media,desktop,Germany
U0452,2023-11-05,paid_search,mobile,Germany
U0453,2023-03-12,social_media,mobile,Austria
U0454,2023-03-18,social_media,mobile,Germany
U0455,2023-11-10,organic_search,desktop,Austria
U0456,2023-06-03,social_media,mobile,Austria
U0457,2023-09-08,social_media,desktop,Netherlands
U0458,2023-07-08,organic_search,desktop,Germany
U0459,2023-06-07,email,mobile,Switzerland
U0460,2023-01-14,social_media,desktop,Switzerland
U0461,2023-10-24,social_media,mobile,Austria
U0462,2023-03-29,paid_search,mobile,Switzerland
U0463,2023-07-14,organic_search,mobile,Germany
U0464,2023-02-26,organic_search,desktop,Germany
U0465,2023-07-31,social_media,desktop,Switzerland
U0466,2023-08-30,direct,mobile,Germany
U0467,2023-03-12,paid_search,mobile,France
U0468,2023-09-02,paid_search,desktop,Germany
U0469,2023-09-30,organic_search,desktop,Switzerland
U0470,2023-11-26,email,desktop,Germany
U0471,2023-05-07,organic_search,desktop,France
U0472,2023-06-02,email,mobile,Switzerland
U0473,2023-09-08,organic_search,desktop,France
U0474,2023-05-21,organic_search,mobile,Austria
U0475,2023-07-22,email,tablet,Netherlands
U0476,2023-05-29,organic_search,tablet,Germany
U0477,2023-08-15,social_media,mobile,Germany
U0478,2023-10-03,organic_search,mobile,Germany
U0479,2023-02-25,social_media,mobile,Germany
U0480,2023-09-29,organic_search,desktop,Germany
U0481,2023-06-19,social_media,desktop,Switzerland
U0482,2023-01-03,referral,tablet,Germany
U0483,2023-12-01,direct,tablet,Germany
U0484,2023-04-13,email,desktop,Germany
U0485,2023-01-31,direct,desktop,Austria
U0486,2023-10-01,email,tablet,Germany
U0487,2023-03-31,paid_search,mobile,France
U0488,2023-01-19,referral,desktop,Germany
U0489,2023-05-29,direct,desktop,Austria
U0490,2023-02-24,direct,desktop,Germany
U0491,2023-11-25,paid_search,mobile,France
U0492,2023-09-16,paid_search,desktop,Germany
U0493,2023-03-25,email,mobile,Switzerland
U0494,2023-01-08,email,mobile,Austria
U0495,2023-04-09,organic_search,tablet,Netherlands
U0496,2023-08-07,paid_search,desktop,Switzerland
U0497,2023-04-05,referral,mobile,France
U0498,2023-01-04,organic_search,desktop,Switzerland
U0499,2023-06-18,organic_search,mobile,Germany
U0500,2023-12-01,paid_search,desktop,Switzerland
U0501,2023-08-27,organic_search,desktop,Austria
U0502,2023-06-09,social_media,mobile,France
U0503,2023-07-08,social_media,desktop,Germany
U0504,2023-03-20,paid_search,tablet,Germany
U0505,2023-10-09,direct,mobile,Netherlands
U0506,2023-04-22,email,mobile,Austria
U0507,2023-02-11,paid_search,mobile,Germany
U0508,2023-10-16,organic_search,mobile,Netherlands
U0509,2023-04-14,social_media,desktop,Germany
U0510,2023-09-24,paid_search,mobile,Switzerland
U0511,2023-09-08,organic_search,mobile,Netherlands
U0512,2023-08-21,organic_search,desktop,Austria
U0513,2023-10-14,paid_search,mobile,Switzerland
U0514,2023-07-22,organic_search,desktop,Germany
U0515,2023-02-07,organic_search,desktop,Germany
U0516,2023-01-31,direct,desktop,France
U0517,2023-01-17,organic_search,desktop,Germany
U0518,2023-11-25,referral,mobile,Germany
U0519,2023-07-15,paid_search,tablet,Germany
U0520,2023-02-11,social_media,mobile,Austria
U0521,2023-12-01,direct,desktop,France
U0522,2023-07-21,paid_search,mobile,Germany
U0523,2023-01-02,email,tablet,Germany
U0524,2023-10-06,paid_search,desktop,Germany
U0525,2023-08-24,organic_search,desktop,France
U0526,2023-02-27,organic_search,mobile,Austria
U0527,2023-01-09,organic_search,desktop,Austria
U0528,2023-08-17,social_media,mobile,Germany
U0529,2023-01-23,paid_search,desktop,Germany
U0530,2023-01-29,organic_search,tablet,Germany
U0531,2023-10-22,organic_search,mobile,Switzerland
U0532,2023-06-14,organic_search,tablet,France
U0533,2023-09-24,organic_search,desktop,Germany
U0534,2023-10-30,direct,tablet,Austria
U0535,2023-08-07,social_media,desktop,Germany
U0536,2023-11-26,social_media,mobile,Germany
U0537,2023-08-02,paid_search,desktop,Germany
U0538,2023-10-03,paid_search,mobile,Germany
U0539,2023-03-15,email,tablet,Austria
U0540,2023-08-02,social_media,desktop,Germany
U0541,2023-04-15,organic_search,desktop,Germany
U0542,2023-07-09,organic_search,mobile,Germany
U0543,2023-05-18,paid_search,mobile,Germany
U0544,2023-02-07,organic_search,mobile,Switzerland
U0545,2023-10-14,organic_search,desktop,Netherlands
U0546,2023-06-05,referral,desktop,France
U0547,2023-03-02,email,mobile,Netherlands
U0548,2023-11-06,social_media,desktop,Germany
U0549,2023-06-14,email,desktop,Austria
U0550,2023-07-03,organic_search,desktop,Netherlands
U0551,2023-08-27,organic_search,tablet,Germany
U0552,2023-06-13,direct,desktop,Germany
U0553,2023-10-16,direct,mobile,Germany
U0554,2023-10-11,direct,mobile,Germany
U0555,2023-03-20,organic_search,desktop,Austria
U0556,2023-05-06,paid_search,mobile,Switzerland
U0557,2023-05-12,email,mobile,Switzerland
U0558,2023-09-09,paid_search,mobile,Germany
U0559,2023-03-13,social_media,mobile,Netherlands
U0560,2023-10-05,referral,tablet,Austria
U0561,2023-02-08,direct,mobile,Switzerland
U0562,2023-07-31,organic_search,mobile,Germany
U0563,2023-03-19,organic_search,mobile,Germany
U0564,2023-11-13,social_media,tablet,Netherlands
U0565,2023-09-07,organic_search,mobile,Germany
U0566,2023-01-09,paid_search,desktop,France
U0567,2023-01-09,paid_search,mobile,Germany
U0568,2023-04-02,organic_search,desktop,Germany
U0569,2023-04-09,social_media,desktop,Germany
U0570,2023-07-23,organic_search,tablet,Germany
U0571,2023-05-05,referral,desktop,Switzerland
U0572,2023-02-11,social_media,tablet,Switzerland
U0573,2023-02-17,paid_search,desktop,Germany
U0574,2023-11-23,organic_search,desktop,Germany
U0575,2023-08-11,social_media,desktop,France
U0576,2023-02-18,direct,tablet,Germany
U0577,2023-10-18,paid_search,desktop,Germany
U0578,2023-05-24,direct,mobile,Germany
U0579,2023-06-11,organic_search,desktop,Germany
U0580,2023-07-23,direct,desktop,Austria
U0581,2023-10-18,email,desktop,Netherlands
U0582,2023-06-19,paid_search,mobile,Switzerland
U0583,2023-02-10,paid_search,tablet,Germany
U0584,2023-08-12,organic_search,desktop,Austria
U0585,2023-11-11,referral,desktop,Switzerland
U0586,2023-01-16,social_media,mobile,Germany
U0587,2023-04-27,paid_search,tablet,Germany
U0588,2023-10-27,social_media,desktop,Austria
U0589,2023-05-07,social_media,desktop,Germany
U0590,2023-11-21,organic_search,desktop,Germany
U0591,2023-02-16,organic_search,desktop,Germany
U0592,2023-05-19,organic_search,desktop,Germany
U0593,2023-10-13,social_media,desktop,Germany
U0594,2023-07-01,social_media,mobile,Switzerland
U0595,2023-07-17,organic_search,desktop,Switzerland
U0596,2023-10-14,direct,tablet,Austria
U0597,2023-03-28,social_media,desktop,Germany
U0598,2023-05-18,paid_search,desktop,Germany
U0599,2023-08-04,organic_search,mobile,Germany
U0600,2023-05-07,social_media,mobile,Austria
U0601,2023-08-23,organic_search,desktop,France
U0602,2023-06-20,email,desktop,Netherlands
U0603,2023-08-14,organic_search,mobile,Netherlands
U0604,2023-11-01,organic_search,desktop,France
U0605,2023-04-13,paid_search,desktop,Germany
U0606,2023-06-13,organic_search,mobile,Germany
U0607,2023-10-22,email,desktop,Germany
U0608,2023-07-21,paid_search,tablet,Germany
U0609,2023-10-07,organic_search,mobile,Germany
U0610,2023-08-25,direct,desktop,Switzerland
U0611,2023-02-05,email,mobile,Germany
U0612,2023-09-13,organic_search,desktop,Germany
U0613,2023-03-20,social_media,mobile,Germany
U0614,2023-11-03,paid_search,desktop,Austria
U0615,2023-08-03,paid_search,mobile,Germany
U0616,2023-10-02,social_media,tablet,Germany
U0617,2023-05-08,social_media,desktop,Austria
U0618,2023-01-23,social_media,mobile,Austria
U0619,2023-06-19,referral,desktop,Germany
U0620,2023-05-13,organic_search,mobile,Austria
U0621,2023-10-22,organic_search,desktop,Germany
U0622,2023-10-29,social_media,desktop,France
U0623,2023-09-05,organic_search,desktop,France
U0624,2023-03-01,email,mobile,Germany
U0625,2023-06-25,paid_search,desktop,Germany
U0626,2023-09-01,organic_search,mobile,Germany
U0627,2023-02-04,organic_search,mobile,Germany
U0628,2023-06-25,social_media,mobile,Germany
U0629,2023-05-05,paid_search,mobile,Germany
U0630,2023-08-07,referral,desktop,Germany
U0631,2023-04-05,organic_search,mobile,Germany
U0632,2023-11-11,direct,desktop,Germany
U0633,2023-01-03,social_media,desktop,Switzerland
U0634,2023-02-02,social_media,mobile,Austria
U0635,2023-07-07,organic_search,mobile,Germany
U0636,2023-09-08,paid_search,mobile,Austria
U0637,2023-11-09,paid_search,desktop,Germany
U0638,2023-08-23,social_media,mobile,Switzerland
U0639,2023-06-02,direct,mobile,Switzerland
U0640,2023-06-10,organic_search,desktop,Germany
U0641,2023-03-14,paid_search,desktop,Germany
U0642,2023-07-16,paid_search,mobile,Austria
U0643,2023-11-27,direct,desktop,Germany
U0644,2023-05-28,organic_search,desktop,Germany
U0645,2023-01-28,direct,tablet,Germany
U0646,2023-04-10,email,tablet,Austria
U0647,2023-09-11,paid_search,mobile,Switzerland
U0648,2023-08-16,paid_search,desktop,Germany
U0649,2023-04-23,organic_search,desktop,Austria
U0650,2023-03-28,email,mobile,Switzerland
U0651,2023-09-11,paid_search,desktop,Germany
U0652,2023-10-06,email,desktop,Netherlands
U0653,2023-01-22,email,desktop,Germany
U0654,2023-08-06,organic_search,mobile,Switzerland
U0655,2023-06-02,direct,desktop,Germany
U0656,2023-02-14,paid_search,tablet,Switzerland
U0657,2023-05-02,organic_search,mobile,Switzerland
U0658,2023-11-09,social_media,desktop,Germany
U0659,2023-04-16,email,mobile,Austria
U0660,2023-09-30,organic_search,mobile,Germany
U0661,2023-05-30,organic_search,desktop,Netherlands
U0662,2023-02-18,organic_search,mobile,Germany
U0663,2023-01-31,referral,tablet,Germany
U0664,2023-03-09,organic_search,mobile,Netherlands
U0665,2023-07-21,paid_search,mobile,Germany
U0666,2023-08-01,paid_search,desktop,Switzerland
U0667,2023-02-17,paid_search,mobile,Switzerland
U0668,2023-07-08,paid_search,mobile,Austria
U0669,2023-02-17,email,mobile,Switzerland
U0670,2023-07-03,direct,mobile,Germany
U0671,2023-08-08,email,mobile,Germany
U0672,2023-05-26,organic_search,mobile,Austria
U0673,2023-09-06,email,tablet,Switzerland
U0674,2023-01-24,organic_search,mobile,Germany
U0675,2023-03-05,direct,desktop,Germany
U0676,2023-08-08,organic_search,mobile,Germany
U0677,2023-11-29,organic_search,tablet,Netherlands
U0678,2023-02-17,social_media,desktop,Germany
U0679,2023-11-29,organic_search,desktop,Germany
U0680,2023-04-30,paid_search,desktop,Germany
U0681,2023-04-20,paid_search,desktop,Germany
U0682,2023-08-16,organic_search,mobile,Netherlands
U0683,2023-08-05,social_media,mobile,Germany
U0684,2023-02-15,email,desktop,Germany
U0685,2023-06-03,organic_search,mobile,Switzerland
U0686,2023-03-10,social_media,mobile,Germany
U0687,2023-10-16,organic_search,mobile,Germany
U0688,2023-04-20,social_media,desktop,Germany
U0689,2023-08-15,direct,desktop,Germany
U0690,2023-03-05,social_media,desktop,France
U0691,2023-06-11,email,desktop,Austria
U0692,2023-05-08,social_media,mobile,Austria
U0693,2023-01-14,email,mobile,Germany
U0694,2023-09-23,social_media,desktop,Germany
U0695,2023-11-27,organic_search,tablet,France
U0696,2023-09-11,paid_search,desktop,Austria
U0697,2023-02-06,paid_search,tablet,France
U0698,2023-06-12,organic_search,tablet,Austria
U0699,2023-07-07,paid_search,desktop,Germany
U0700,2023-02-07,organic_search,desktop,Germany
U0701,2023-01-21,direct,tablet,Germany
U0702,2023-05-27,social_media,mobile,Germany
U0703,2023-07-25,organic_search,mobile,Austria
U0704,2023-05-23,organic_search,desktop,France
U0705,2023-03-21,paid_search,desktop,Austria
U0706,2023-11-29,social_media,desktop,Switzerland
U0707,2023-05-03,organic_search,desktop,Germany
U0708,2023-08-21,social_media,desktop,Switzerland
U0709,2023-03-31,organic_search,mobile,Switzerland
U0710,2023-03-25,paid_search,desktop,Austria
U0711,2023-05-13,organic_search,desktop,Switzerland
U0712,2023-05-18,email,desktop,Netherlands
U0713,2023-06-21,email,desktop,Germany
U0714,2023-10-23,social_media,mobile,Austria
U0715,2023-01-29,paid_search,mobile,Germany
U0716,2023-05-11,email,tablet,Switzerland
U0717,2023-03-01,organic_search,mobile,Germany
U0718,2023-01-07,organic_search,mobile,Germany
U0719,2023-03-18,organic_search,tablet,Germany
U0720,2023-08-03,organic_search,desktop,Netherlands
U0721,2023-06-13,organic_search,desktop,Germany
U0722,2023-09-15,social_media,desktop,Germany
U0723,2023-09-22,referral,tablet,Germany
U0724,2023-08-27,direct,mobile,Germany
U0725,2023-02-14,social_media,desktop,Germany
U0726,2023-10-16,email,mobile,Germany
U0727,2023-07-08,social_media,mobile,Switzerland
U0728,2023-04-11,email,mobile,Switzerland
U0729,2023-03-19,organic_search,desktop,Germany
U0730,2023-06-27,social_media,mobile,Germany
U0731,2023-06-21,organic_search,mobile,Netherlands
U0732,2023-06-07,organic_search,mobile,Germany
U0733,2023-09-09,referral,tablet,Germany
U0734,2023-05-24,organic_search,tablet,Netherlands
U0735,2023-09-24,paid_search,tablet,Germany
U0736,2023-02-13,social_media,mobile,Austria
U0737,2023-07-21,organic_search,mobile,Germany
U0738,2023-03-08,organic_search,desktop,Germany
U0739,2023-07-21,social_media,mobile,Germany
U0740,2023-05-20,organic_search,tablet,Germany
U0741,2023-10-27,organic_search,desktop,Germany
U0742,2023-06-10,paid_search,mobile,France
U0743,2023-04-17,paid_search,mobile,Netherlands
U0744,2023-02-16,organic_search,mobile,Netherlands
U0745,2023-11-05,organic_search,mobile,Germany
U0746,2023-02-16,social_media,tablet,Germany
U0747,2023-01-26,social_media,desktop,France
U0748,2023-01-16,referral,tablet,Austria
U0749,2023-10-09,organic_search,mobile,Netherlands
U0750,2023-03-13,organic_search,desktop,Switzerland
U0751,2023-04-24,organic_search,mobile,Germany
U0752,2023-11-19,direct,desktop,Austria
U0753,2023-02-08,organic_search,desktop,Netherlands
U0754,2023-08-16,email,desktop,Netherlands
U0755,2023-06-19,organic_search,tablet,Germany
U0756,2023-10-21,paid_search,mobile,Germany
U0757,2023-07-15,social_media,desktop,Germany
U0758,2023-04-06,organic_search,desktop,Germany
U0759,2023-11-11,social_media,desktop,Germany
U0760,2023-07-30,direct,mobile,Germany
U0761,2023-07-16,organic_search,desktop,Netherlands
U0762,2023-09-27,organic_search,tablet,Austria
U0763,2023-01-10,referral,mobile,Germany
U0764,2023-10-06,email,desktop,Austria
U0765,2023-06-14,paid_search,desktop,Germany
U0766,2023-04-23,organic_search,mobile,Germany
U0767,2023-08-30,paid_search,mobile,France
U0768,2023-03-23,organic_search,mobile,Germany
U0769,2023-01-29,email,tablet,Austria
U0770,2023-07-18,paid_search,mobile,Netherlands
U0771,2023-04-01,organic_search,desktop,Switzerland
U0772,2023-07-03,direct,desktop,Switzerland
U0773,2023-10-18,social_media,mobile,Germany
U0774,2023-09-10,paid_search,desktop,Germany
U0775,2023-01-29,organic_search,desktop,Austria
U0776,2023-01-01,organic_search,mobile,Netherlands
U0777,2023-06-24,social_media,tablet,Netherlands
U0778,2023-06-15,organic_search,desktop,Switzerland
U0779,2023-03-14,email,mobile,Netherlands
U0780,2023-02-07,paid_search,tablet,Germany
U0781,2023-02-21,organic_search,desktop,France
U0782,2023-08-12,email,tablet,Austria
U0783,2023-03-31,social_media,mobile,Netherlands
U0784,2023-11-11,email,desktop,Austria
U0785,2023-03-31,paid_search,mobile,Germany
U0786,2023-04-01,social_media,tablet,France
U0787,2023-07-20,direct,mobile,Austria
U0788,2023-04-04,social_media,tablet,France
U0789,2023-04-24,social_media,desktop,Germany
U0790,2023-06-19,email,desktop,France
U0791,2023-03-27,social_media,tablet,Netherlands
U0792,2023-11-24,social_media,desktop,Germany
U0793,2023-04-18,organic_search,desktop,Germany
U0794,2023-02-25,social_media,desktop,Germany
U0795,2023-08-03,referral,tablet,Germany
U0796,2023-07-13,paid_search,desktop,Netherlands
U0797,2023-10-23,social_media,mobile,Germany
U0798,2023-02-07,email,desktop,Germany
U0799,2023-05-14,referral,desktop,Germany
U0800,2023-07-12,organic_search,desktop,France
U0801,2023-02-17,organic_search,tablet,Netherlands
U0802,2023-01-16,paid_search,mobile,Austria
U0803,2023-08-11,organic_search,desktop,Germany
U0804,2023-04-08,paid_search,mobile,France
U0805,2023-10-04,organic_search,desktop,Germany
U0806,2023-01-26,paid_search,mobile,Germany
U0807,2023-01-28,paid_search,desktop,Germany
U0808,2023-11-17,social_media,desktop,Germany
U0809,2023-03-29,social_media,tablet,Germany
U0810,2023-03-01,organic_search,desktop,Germany
U0811,2023-05-16,organic_search,mobile,Germany
U0812,2023-07-15,paid_search,desktop,Germany
U0813,2023-08-27,organic_search,mobile,Austria
U0814,2023-03-19,email,mobile,Germany
U0815,2023-06-26,email,desktop,Switzerland
U0816,2023-04-27,social_media,mobile,Netherlands
U0817,2023-08-03,referral,mobile,France
U0818,2023-10-21,direct,mobile,Germany
U0819,2023-01-18,paid_search,tablet,Netherlands
U0820,2023-11-14,organic_search,tablet,Germany
U0821,2023-03-27,referral,mobile,Germany
U0822,2023-08-05,organic_search,mobile,Germany
U0823,2023-11-18,organic_search,mobile,Germany
U0824,2023-02-04,organic_search,mobile,Austria
U0825,2023-05-22,paid_search,tablet,Germany
U0826,2023-11-16,social_media,mobile,Germany
U0827,2023-03-18,organic_search,mobile,Switzerland
U0828,2023-02-21,direct,mobile,Germany
U0829,2023-05-27,direct,tablet,Netherlands
U0830,2023-05-16,paid_search,mobile,Austria
U0831,2023-01-20,organic_search,desktop,Austria
U0832,2023-07-25,organic_search,tablet,Germany
U0833,2023-05-02,organic_search,mobile,Germany
U0834,2023-07-10,organic_search,mobile,Germany
U0835,2023-05-24,email,tablet,Switzerland
U0836,2023-04-27,organic_search,tablet,Germany
U0837,2023-06-14,organic_search,desktop,Austria
U0838,2023-04-07,paid_search,tablet,Germany
U0839,2023-09-06,email,tablet,Netherlands
U0840,2023-09-21,email,desktop,Switzerland
U0841,2023-07-26,organic_search,tablet,Netherlands
U0842,2023-01-15,organic_search,tablet,Germany
U0843,2023-01-30,organic_search,mobile,Netherlands
U0844,2023-04-12,organic_search,mobile,Austria
U0845,2023-11-22,direct,mobile,Germany
U0846,2023-09-08,social_media,desktop,Netherlands
U0847,2023-10-28,social_media,desktop,Netherlands
U0848,2023-05-13,email,mobile,Germany
U0849,2023-07-17,organic_search,tablet,Switzerland
U0850,2023-04-20,direct,mobile,Switzerland
U0851,2023-05-18,social_media,mobile,Netherlands
U0852,2023-01-05,paid_search,desktop,Germany
U0853,2023-01-05,organic_search,mobile,France
U0854,2023-11-26,organic_search,tablet,Netherlands
U0855,2023-08-24,organic_search,mobile,Switzerland
U0856,2023-11-16,paid_search,desktop,Austria
U0857,2023-07-11,social_media,mobile,Germany
U0858,2023-02-25,paid_search,desktop,Germany
U0859,2023-06-16,direct,desktop,Switzerland
U0860,2023-11-30,organic_search,desktop,Switzerland
U0861,2023-01-30,email,mobile,Austria
U0862,2023-06-13,social_media,mobile,Switzerland
U0863,2023-06-01,organic_search,desktop,Germany
U0864,2023-01-19,social_media,tablet,Netherlands
U0865,2023-06-25,social_media,desktop,Austria
U0866,2023-09-01,direct,mobile,Austria
U0867,2023-03-29,email,tablet,Germany
U0868,2023-02-19,paid_search,mobile,Switzerland
U0869,2023-10-14,email,desktop,Switzerland
U0870,2023-06-21,social_media,desktop,Germany
U0871,2023-06-07,paid_search,tablet,Germany
U0872,2023-10-27,organic_search,tablet,Germany
U0873,2023-11-21,social_media,tablet,Germany
U0874,2023-04-10,paid_search,tablet,Germany
U0875,2023-06-02,paid_search,tablet,Germany
U0876,2023-04-13,organic_search,tablet,Netherlands
U0877,2023-08-23,organic_search,tablet,Germany
U0878,2023-02-11,paid_search,mobile,Germany
U0879,2023-11-21,organic_search,mobile,Germany
U0880,2023-03-28,social_media,desktop,Switzerland
U0881,2023-02-15,organic_search,desktop,Germany
U0882,2023-08-08,referral,desktop,Germany
U0883,2023-04-13,email,tablet,Netherlands
U0884,2023-09-29,organic_search,mobile,Austria
U0885,2023-05-08,organic_search,tablet,Germany
U0886,2023-02-22,paid_search,mobile,Germany
U0887,2023-01-24,organic_search,desktop,Switzerland
U0888,2023-11-02,paid_search,desktop,Switzerland
U0889,2023-03-10,organic_search,tablet,Germany
U0890,2023-04-07,organic_search,tablet,Netherlands
U0891,2023-01-10,organic_search,mobile,Germany
U0892,2023-01-12,social_media,desktop,Germany
U0893,2023-11-30,email,desktop,Austria
U0894,2023-10-01,social_media,mobile,Germany
U0895,2023-02-25,social_media,desktop,Switzerland
U0896,2023-08-02,paid_search,desktop,Germany
U0897,2023-03-20,organic_search,mobile,Germany
U0898,2023-08-04,social_media,mobile,Germany
U0899,2023-11-07,social_media,desktop,Netherlands
U0900,2023-09-19,social_media,desktop,Germany
U0901,2023-02-24,paid_search,mobile,Switzerland
U0902,2023-09-25,referral,desktop,Germany
U0903,2023-03-24,organic_search,mobile,Germany
U0904,2023-09-04,organic_search,desktop,Switzerland
U0905,2023-02-26,email,mobile,Germany
U0906,2023-02-16,email,desktop,Switzerland
U0907,2023-05-12,social_media,mobile,France
U0908,2023-05-16,paid_search,desktop,Germany
U0909,2023-01-21,direct,desktop,Switzerland
U0910,2023-08-07,email,desktop,Switzerland
U0911,2023-01-24,organic_search,desktop,Austria
U0912,2023-06-18,paid_search,desktop,Austria
U0913,2023-02-17,paid_search,desktop,Germany
U0914,2023-07-24,referral,desktop,Germany
U0915,2023-09-02,email,mobile,Switzerland
U0916,2023-02-27,organic_search,mobile,France
U0917,2023-03-23,organic_search,tablet,Germany
U0918,2023-10-19,social_media,desktop,Germany
U0919,2023-07-03,social_media,tablet,Netherlands
U0920,2023-03-08,paid_search,mobile,Netherlands
U0921,2023-08-14,organic_search,desktop,Germany
U0922,2023-09-26,email,mobile,Austria
U0923,2023-06-23,paid_search,mobile,Austria
U0924,2023-08-10,social_media,desktop,Germany
U0925,2023-11-25,paid_search,mobile,Austria
U0926,2023-11-10,organic_search,mobile,Germany
U0927,2023-08-29,direct,tablet,Germany
U0928,2023-09-09,organic_search,desktop,Germany
U0929,2023-09-17,organic_search,mobile,Germany
U0930,2023-05-01,organic_search,desktop,Austria
U0931,2023-02-15,direct,desktop,Germany
U0932,2023-09-12,email,desktop,Germany
U0933,2023-01-19,social_media,desktop,Germany
U0934,2023-11-06,referral,mobile,Netherlands
U0935,2023-10-15,organic_search,mobile,France
U0936,2023-07-06,email,mobile,Netherlands
U0937,2023-06-19,social_media,mobile,Germany
U0938,2023-07-06,social_media,desktop,Switzerland
U0939,2023-04-24,organic_search,desktop,Austria
U0940,2023-05-30,paid_search,desktop,Germany
U0941,2023-03-26,paid_search,mobile,Switzerland
U0942,2023-07-29,organic_search,mobile,Germany
U0943,2023-07-21,organic_search,mobile,Germany
U0944,2023-06-23,organic_search,desktop,France
U0945,2023-10-29,organic_search,tablet,Germany
U0946,2023-10-29,referral,desktop,Germany
U0947,2023-09-29,email,mobile,Germany
U0948,2023-10-27,paid_search,mobile,France
U0949,2023-04-01,social_media,desktop,Netherlands
U0950,2023-02-23,paid_search,mobile,Netherlands
U0951,2023-09-16,direct,desktop,Austria
U0952,2023-05-08,organic_search,tablet,France
U0953,2023-08-20,email,desktop,Austria
U0954,2023-09-20,organic_search,mobile,Netherlands
U0955,2023-10-11,social_media,desktop,Austria
U0956,2023-05-29,social_media,tablet,Germany
U0957,2023-11-29,referral,desktop,Austria
U0958,2023-11-23,organic_search,desktop,Germany
U0959,2023-09-03,social_media,tablet,Switzerland
U0960,2023-10-01,organic_search,mobile,Netherlands
U0961,2023-09-25,organic_search,desktop,Germany
U0962,2023-01-29,organic_search,mobile,Germany
U0963,2023-05-27,social_media,desktop,Germany
U0964,2023-06-01,organic_search,mobile,Germany
U0965,2023-08-20,organic_search,tablet,Switzerland
U0966,2023-04-25,email,mobile,Germany
U0967,2023-05-28,social_media,desktop,Germany
U0968,2023-08-02,referral,tablet,Germany
U0969,2023-10-10,organic_search,mobile,Germany
U0970,2023-08-15,email,tablet,Switzerland
U0971,2023-11-28,paid_search,mobile,Switzerland
U0972,2023-04-11,email,tablet,Germany
U0973,2023-04-01,referral,desktop,France
U0974,2023-09-21,organic_search,desktop,Germany
U0975,2023-05-16,organic_search,mobile,Germany
U0976,2023-06-19,paid_search,tablet,Germany
U0977,2023-06-15,social_media,mobile,Austria
U0978,2023-06-04,paid_search,mobile,Germany
U0979,2023-06-12,paid_search,tablet,Austria
U0980,2023-09-16,organic_search,mobile,Germany
U0981,2023-06-28,organic_search,desktop,Germany
U0982,2023-07-04,organic_search,tablet,Austria
U0983,2023-09-01,referral,mobile,France
U0984,2023-01-05,organic_search,desktop,Germany
U0985,2023-11-25,social_media,mobile,France
U0986,2023-06-14,paid_search,mobile,Germany
U0987,2023-05-12,paid_search,desktop,Netherlands
U0988,2023-07-11,paid_search,mobile,Germany
U0989,2023-06-01,direct,desktop,Austria
U0990,2023-02-19,organic_search,tablet,Austria
U0991,2023-01-04,social_media,desktop,Austria
U0992,2023-04-20,direct,desktop,Germany
U0993,2023-10-03,email,tablet,Switzerland
U0994,2023-08-11,social_media,tablet,Switzerland
U0995,2023-03-20,organic_search,mobile,Germany
U0996,2023-02-07,organic_search,mobile,Austria
U0997,2023-10-22,email,tablet,Germany
U0998,2023-08-19,social_media,desktop,Germany
U0999,2023-03-02,paid_search,mobile,Austria
U1000,2023-10-27,organic_search,mobile,Germany
U1001,2023-09-15,organic_search,mobile,Germany
U1002,2023-02-14,organic_search,tablet,Germany
U1003,2023-01-16,paid_search,mobile,Germany
U1004,2023-07-20,email,mobile,Germany
U1005,2023-11-21,organic_search,mobile,Netherlands
U1006,2023-11-28,paid_search,tablet,Austria
U1007,2023-10-12,organic_search,desktop,Austria
U1008,2023-07-21,paid_search,tablet,Germany
U1009,2023-06-26,organic_search,tablet,Netherlands
U1010,2023-03-14,organic_search,desktop,Netherlands
U1011,2023-04-10,organic_search,mobile,Austria
U1012,2023-01-28,direct,tablet,France
U1013,2023-08-25,social_media,desktop,Switzerland
U1014,2023-05-09,organic_search,mobile,Germany
U1015,2023-06-19,paid_search,mobile,Germany
U1016,2023-05-26,social_media,tablet,Germany
U1017,2023-08-19,organic_search,mobile,Switzerland
U1018,2023-03-20,social_media,desktop,Germany
U1019,2023-08-08,organic_search,desktop,Switzerland
U1020,2023-11-25,paid_search,mobile,Germany
U1021,2023-06-19,direct,mobile,Germany
U1022,2023-06-06,paid_search,desktop,Austria
U1023,2023-02-11,email,tablet,Germany
U1024,2023-10-03,organic_search,mobile,Austria
U1025,2023-02-08,direct,mobile,Austria
U1026,2023-10-25,social_media,mobile,Germany
U1027,2023-01-19,social_media,mobile,France
U1028,2023-08-30,social_media,desktop,Germany
U1029,2023-10-29,email,desktop,Germany
U1030,2023-09-19,organic_search,desktop,Germany
U1031,2023-05-03,email,mobile,Austria
U1032,2023-03-26,email,desktop,Germany
U1033,2023-10-17,direct,mobile,France
U1034,2023-09-05,direct,desktop,Switzerland
U1035,2023-04-29,organic_search,desktop,Germany
U1036,2023-04-16,paid_search,mobile,Germany
U1037,2023-08-21,direct,desktop,Austria
U1038,2023-02-22,social_media,mobile,Netherlands
U1039,2023-05-15,social_media,mobile,Germany
U1040,2023-07-13,paid_search,mobile,Netherlands
U1041,2023-09-22,organic_search,tablet,Germany
U1042,2023-07-27,paid_search,tablet,Germany
U1043,2023-09-04,direct,desktop,Netherlands
U1044,2023-08-14,organic_search,desktop,Austria
U1045,2023-04-19,organic_search,desktop,Austria
U1046,2023-03-02,social_media,desktop,Germany
U1047,2023-02-28,paid_search,mobile,Germany
U1048,2023-03-24,social_media,desktop,Germany
U1049,2023-03-07,social_media,desktop,Austria
U1050,2023-01-21,direct,desktop,Germany
U1051,2023-04-03,paid_search,desktop,France
U1052,2023-11-23,organic_search,mobile,Switzerland
U1053,2023-05-26,direct,desktop,Austria
U1054,2023-08-30,direct,desktop,Netherlands
U1055,2023-11-04,organic_search,mobile,Switzerland
U1056,2023-11-16,social_media,desktop,Switzerland
U1057,2023-06-25,direct,mobile,Germany
U1058,2023-07-13,paid_search,desktop,Germany
U1059,2023-09-16,social_media,mobile,Austria
U1060,2023-04-01,paid_search,mobile,Germany
U1061,2023-09-30,paid_search,desktop,Germany
U1062,2023-03-08,direct,mobile,Germany
U1063,2023-11-29,paid_search,desktop,Netherlands
U1064,2023-09-29,paid_search,tablet,Germany
U1065,2023-07-15,paid_search,mobile,Netherlands
U1066,2023-10-22,organic_search,desktop,Germany
U1067,2023-04-30,direct,desktop,Austria
U1068,2023-10-06,paid_search,desktop,Switzerland
U1069,2023-01-04,social_media,desktop,Germany
U1070,2023-04-16,social_media,desktop,Germany
U1071,2023-03-21,paid_search,mobile,Germany
U1072,2023-10-02,paid_search,desktop,Germany
U1073,2023-07-23,email,desktop,Switzerland
U1074,2023-09-05,organic_search,mobile,Germany
U1075,2023-06-07,social_media,mobile,Germany
U1076,2023-03-12,direct,mobile,Switzerland
U1077,2023-08-17,email,tablet,Germany
U1078,2023-09-18,paid_search,desktop,Austria
U1079,2023-01-27,organic_search,tablet,Germany
U1080,2023-02-16,email,mobile,Austria
U1081,2023-02-15,organic_search,desktop,Germany
U1082,2023-01-20,social_media,tablet,Germany
U1083,2023-09-24,organic_search,tablet,Germany
U1084,2023-03-31,social_media,desktop,Germany
U1085,2023-09-23,organic_search,desktop,Austria
U1086,2023-09-22,social_media,mobile,Switzerland
U1087,2023-07-04,organic_search,desktop,Germany
U1088,2023-05-22,email,desktop,Germany
U1089,2023-10-28,organic_search,desktop,Switzerland
U1090,2023-02-16,paid_search,mobile,Austria
U1091,2023-10-26,organic_search,tablet,Germany
U1092,2023-11-07,referral,mobile,Germany
U1093,2023-01-03,organic_search,desktop,Germany
U1094,2023-02-07,paid_search,desktop,Germany
U1095,2023-09-20,referral,tablet,Netherlands
U1096,2023-10-22,organic_search,desktop,Germany
U1097,2023-09-05,email,mobile,France
U1098,2023-08-23,social_media,tablet,Netherlands
U1099,2023-09-04,organic_search,desktop,Austria
U1100,2023-04-23,social_media,desktop,Germany
U1101,2023-06-30,paid_search,desktop,Netherlands
U1102,2023-05-08,organic_search,desktop,Switzerland
U1103,2023-06-25,organic_search,tablet,Germany
U1104,2023-07-01,organic_search,mobile,Germany
U1105,2023-04-08,paid_search,desktop,Switzerland
U1106,2023-05-16,organic_search,desktop,Germany
U1107,2023-11-13,paid_search,mobile,Germany
U1108,2023-02-10,social_media,mobile,Austria
U1109,2023-10-05,referral,mobile,Germany
U1110,2023-06-11,paid_search,tablet,Netherlands
U1111,2023-05-21,paid_search,tablet,Netherlands
U1112,2023-05-24,paid_search,mobile,Germany
U1113,2023-09-27,email,mobile,Austria
U1114,2023-09-15,organic_search,tablet,Switzerland
U1115,2023-08-23,referral,mobile,Germany
U1116,2023-01-05,organic_search,desktop,Austria
U1117,2023-06-16,paid_search,tablet,Germany
U1118,2023-05-15,organic_search,mobile,Austria
U1119,2023-07-07,organic_search,desktop,Germany
U1120,2023-07-10,paid_search,desktop,Germany
U1121,2023-10-20,organic_search,mobile,Germany
U1122,2023-02-21,social_media,mobile,Austria
U1123,2023-07-15,organic_search,mobile,Switzerland
U1124,2023-08-31,email,desktop,Germany
U1125,2023-11-19,paid_search,mobile,Switzerland
U1126,2023-06-03,organic_search,tablet,Germany
U1127,2023-02-20,social_media,desktop,Netherlands
U1128,2023-09-01,email,desktop,Switzerland
U1129,2023-05-14,paid_search,mobile,France
U1130,2023-05-12,organic_search,desktop,Germany
U1131,2023-11-07,organic_search,mobile,Austria
U1132,2023-03-31,referral,desktop,Germany
U1133,2023-09-19,paid_search,mobile,Netherlands
U1134,2023-07-15,social_media,mobile,France
U1135,2023-03-27,social_media,tablet,Germany
U1136,2023-11-10,social_media,mobile,Germany
U1137,2023-03-24,organic_search,desktop,Switzerland
U1138,2023-05-17,social_media,desktop,Netherlands
U1139,2023-07-05,email,mobile,Germany
U1140,2023-03-27,organic_search,desktop,Switzerland
U1141,2023-05-09,direct,mobile,Germany
U1142,2023-03-27,paid_search,desktop,France
U1143,2023-08-31,paid_search,desktop,Germany
U1144,2023-02-12,organic_search,mobile,Germany
U1145,2023-07-19,organic_search,desktop,Germany
U1146,2023-11-17,organic_search,mobile,Germany
U1147,2023-01-18,social_media,tablet,Germany
U1148,2023-09-01,paid_search,tablet,France
U1149,2023-10-08,paid_search,tablet,Switzerland
U1150,2023-04-01,social_media,mobile,Switzerland
U1151,2023-10-16,paid_search,mobile,Austria
U1152,2023-06-27,paid_search,desktop,Germany
U1153,2023-06-07,paid_search,desktop,Germany
U1154,2023-01-01,paid_search,mobile,Germany
U1155,2023-05-27,paid_search,desktop,France
U1156,2023-09-02,organic_search,mobile,Switzerland
U1157,2023-11-02,organic_search,desktop,Germany
U1158,2023-07-30,direct,desktop,Germany
U1159,2023-11-27,paid_search,desktop,Germany
U1160,2023-08-05,social_media,mobile,Switzerland
U1161,2023-11-10,email,mobile,Germany
U1162,2023-09-30,email,desktop,Netherlands
U1163,2023-04-04,organic_search,desktop,Germany
U1164,2023-08-20,organic_search,mobile,Germany
U1165,2023-01-10,organic_search,tablet,Germany
U1166,2023-02-22,organic_search,desktop,Germany
U1167,2023-01-05,organic_search,desktop,Germany
U1168,2023-06-25,paid_search,mobile,Germany
U1169,2023-07-10,paid_search,mobile,Germany
U1170,2023-03-16,organic_search,mobile,Germany
U1171,2023-08-29,organic_search,tablet,Germany
U1172,2023-07-15,email,desktop,Switzerland
U1173,2023-05-08,paid_search,tablet,Germany
U1174,2023-01-18,organic_search,mobile,Germany
U1175,2023-04-17,paid_search,mobile,Germany
U1176,2023-06-15,organic_search,mobile,Switzerland
U1177,2023-10-09,paid_search,desktop,Austria
U1178,2023-04-12,paid_search,desktop,Switzerland
U1179,2023-02-27,organic_search,desktop,Germany
U1180,2023-05-22,social_media,desktop,Germany
U1181,2023-01-22,social_media,mobile,Switzerland
U1182,2023-03-21,paid_search,desktop,Germany
U1183,2023-02-16,social_media,desktop,France
U1184,2023-11-17,organic_search,desktop,Germany
U1185,2023-10-02,email,desktop,Germany
U1186,2023-10-13,email,mobile,Netherlands
U1187,2023-08-13,email,desktop,Germany
U1188,2023-03-10,organic_search,desktop,Switzerland
U1189,2023-10-14,organic_search,mobile,Germany
U1190,2023-04-06,paid_search,desktop,Germany
U1191,2023-11-03,direct,mobile,Germany
U1192,2023-03-21,paid_search,mobile,Austria
U1193,2023-08-21,organic_search,mobile,Germany
U1194,2023-04-05,direct,mobile,Germany
U1195,2023-11-14,organic_search,mobile,Switzerland
U1196,2023-10-03,email,desktop,Switzerland
U1197,2023-10-10,organic_search,desktop,Germany
U1198,2023-06-14,organic_search,mobile,Germany
U1199,2023-03-08,organic_search,desktop,Germany
U1200,2023-04-09,organic_search,mobile,Netherlands
U1201,2023-09-08,paid_search,mobile,Germany
U1202,2023-07-07,organic_search,mobile,Germany
U1203,2023-04-17,social_media,tablet,Netherlands
U1204,2023-08-28,email,desktop,Austria
U1205,2023-08-01,email,mobile,Germany
U1206,2023-11-12,organic_search,desktop,Germany
U1207,2023-06-05,organic_search,desktop,Austria
U1208,2023-02-21,social_media,mobile,Germany
U1209,2023-09-27,social_media,mobile,France
U1210,2023-10-13,email,desktop,Germany
U1211,2023-11-23,social_media,mobile,Switzerland
U1212,2023-08-07,direct,desktop,Germany
U1213,2023-07-25,paid_search,mobile,Austria
U1214,2023-11-04,paid_search,desktop,Germany
U1215,2023-06-16,email,desktop,Austria
U1216,2023-06-15,social_media,mobile,Germany
U1217,2023-10-09,direct,desktop,France
U1218,2023-08-18,referral,desktop,Germany
U1219,2023-05-26,social_media,mobile,France
U1220,2023-06-04,organic_search,tablet,Germany
U1221,2023-06-11,organic_search,mobile,Switzerland
U1222,2023-05-22,direct,mobile,Austria
U1223,2023-10-20,organic_search,desktop,Germany
U1224,2023-03-12,organic_search,tablet,Germany
U1225,2023-05-12,email,desktop,Germany
U1226,2023-04-22,email,mobile,Switzerland
U1227,2023-03-30,paid_search,tablet,Switzerland
U1228,2023-02-18,social_media,desktop,Switzerland
U1229,2023-10-23,paid_search,mobile,France
U1230,2023-06-21,organic_search,mobile,Germany
U1231,2023-03-03,direct,desktop,Switzerland
U1232,2023-11-05,direct,mobile,Austria
U1233,2023-01-28,organic_search,desktop,Austria
U1234,2023-03-18,organic_search,mobile,Germany
U1235,2023-07-21,referral,mobile,Austria
U1236,2023-02-16,organic_search,desktop,Germany
U1237,2023-03-09,organic_search,mobile,Switzerland
U1238,2023-10-08,paid_search,desktop,Austria
U1239,2023-03-08,email,mobile,Germany
U1240,2023-07-22,social_media,desktop,Austria
U1241,2023-09-26,organic_search,desktop,Switzerland
U1242,2023-06-15,social_media,mobile,Germany
U1243,2023-07-31,paid_search,desktop,Germany
U1244,2023-11-01,social_media,mobile,Germany
U1245,2023-06-29,social_media,tablet,Germany
U1246,2023-03-16,paid_search,tablet,Germany
U1247,2023-07-11,organic_search,mobile,Germany
U1248,2023-01-28,organic_search,mobile,Germany
U1249,2023-05-28,organic_search,mobile,Germany
U1250,2023-08-19,paid_search,desktop,Switzerland
U1251,2023-04-19,organic_search,mobile,Germany
U1252,2023-09-05,social_media,tablet,Switzerland
U1253,2023-01-10,paid_search,tablet,Austria
U1254,2023-05-11,organic_search,desktop,Switzerland
U1255,2023-11-13,organic_search,mobile,France
U1256,2023-02-04,paid_search,desktop,Netherlands
U1257,2023-07-04,direct,desktop,Netherlands
U1258,2023-11-29,paid_search,tablet,Austria
U1259,2023-02-20,direct,mobile,Austria
U1260,2023-02-15,organic_search,mobile,Germany
U1261,2023-01-12,organic_search,tablet,Germany
U1262,2023-09-08,paid_search,desktop,Germany
U1263,2023-06-30,paid_search,desktop,France
U1264,2023-09-14,organic_search,desktop,Germany
U1265,2023-07-18,direct,mobile,Germany
U1266,2023-10-12,direct,desktop,Germany
U1267,2023-07-21,social_media,desktop,Germany
U1268,2023-11-10,direct,mobile,Germany
U1269,2023-10-21,organic_search,tablet,Netherlands
U1270,2023-06-18,paid_search,desktop,Switzerland
U1271,2023-10-25,paid_search,mobile,Netherlands
U1272,2023-06-08,social_media,tablet,Netherlands
U1273,2023-08-09,referral,tablet,Germany
U1274,2023-10-17,direct,desktop,Austria
U1275,2023-03-02,organic_search,mobile,Germany
U1276,2023-01-16,email,tablet,Germany
U1277,2023-07-30,organic_search,mobile,Netherlands
U1278,2023-11-23,direct,desktop,Switzerland
U1279,2023-02-24,organic_search,desktop,France
U1280,2023-11-12,organic_search,mobile,Germany
U1281,2023-04-29,organic_search,desktop,Germany
U1282,2023-09-02,organic_search,mobile,Germany
U1283,2023-11-29,paid_search,tablet,Germany
U1284,2023-03-12,organic_search,desktop,Germany
U1285,2023-01-08,direct,tablet,Germany
U1286,2023-04-14,email,desktop,France
U1287,2023-08-13,direct,mobile,Germany
U1288,2023-08-23,direct,desktop,Switzerland
U1289,2023-11-08,email,desktop,Germany
U1290,2023-11-10,direct,mobile,Austria
U1291,2023-11-25,direct,mobile,Austria
U1292,2023-08-20,paid_search,tablet,Netherlands
U1293,2023-05-06,paid_search,desktop,Switzerland
U1294,2023-10-13,paid_search,mobile,France
U1295,2023-04-08,organic_search,desktop,Germany
U1296,2023-05-27,paid_search,desktop,Austria
U1297,2023-01-28,social_media,tablet,Germany
U1298,2023-11-27,paid_search,mobile,Germany
U1299,2023-10-27,direct,mobile,Germany
U1300,2023-07-31,organic_search,desktop,Germany
U1301,2023-04-14,direct,desktop,Germany
U1302,2023-11-29,direct,mobile,Switzerland
U1303,2023-03-05,organic_search,mobile,Austria
U1304,2023-02-13,paid_search,desktop,Switzerland
U1305,2023-09-19,social_media,desktop,Austria
U1306,2023-01-23,email,tablet,Austria
U1307,2023-03-18,organic_search,desktop,Switzerland
U1308,2023-01-27,paid_search,desktop,Switzerland
U1309,2023-08-17,organic_search,desktop,Netherlands
U1310,2023-04-14,organic_search,mobile,Germany
U1311,2023-09-12,direct,mobile,Germany
U1312,2023-09-10,organic_search,mobile,Germany
U1313,2023-07-29,paid_search,mobile,Germany
U1314,2023-10-08,organic_search,mobile,Netherlands
U1315,2023-04-17,organic_search,desktop,Switzerland
U1316,2023-01-19,organic_search,desktop,Austria
U1317,2023-11-05,organic_search,tablet,Germany
U1318,2023-08-02,referral,desktop,Germany
U1319,2023-11-01,social_media,mobile,France
U1320,2023-10-24,paid_search,desktop,Switzerland
U1321,2023-06-15,paid_search,desktop,Germany
U1322,2023-08-07,email,desktop,Germany
U1323,2023-03-04,social_media,desktop,Austria
U1324,2023-09-26,organic_search,desktop,Germany
U1325,2023-10-20,social_media,mobile,France
U1326,2023-09-05,social_media,mobile,Switzerland
U1327,2023-05-28,paid_search,mobile,Germany
U1328,2023-10-22,referral,desktop,Germany
U1329,2023-10-16,paid_search,mobile,Germany
U1330,2023-04-03,direct,desktop,Germany
U1331,2023-04-10,organic_search,desktop,Austria
U1332,2023-03-02,email,desktop,Austria
U1333,2023-08-01,paid_search,desktop,Austria
U1334,2023-11-23,organic_search,mobile,Switzerland
U1335,2023-05-11,email,desktop,Austria
U1336,2023-06-15,email,desktop,Germany
U1337,2023-07-22,social_media,mobile,Germany
U1338,2023-03-31,organic_search,mobile,France
U1339,2023-09-03,direct,mobile,Austria
U1340,2023-09-04,organic_search,mobile,Netherlands
U1341,2023-06-21,paid_search,mobile,France
U1342,2023-01-29,email,desktop,Switzerland
U1343,2023-06-11,social_media,desktop,Austria
U1344,2023-06-19,email,tablet,Germany
U1345,2023-03-18,organic_search,desktop,France
U1346,2023-11-17,paid_search,desktop,Austria
U1347,2023-04-06,social_media,tablet,Switzerland
U1348,2023-06-11,social_media,desktop,Germany
U1349,2023-05-02,paid_search,mobile,Germany
U1350,2023-09-26,organic_search,desktop,Switzerland
U1351,2023-04-14,direct,desktop,Germany
U1352,2023-09-05,direct,desktop,Germany
U1353,2023-09-05,email,mobile,Switzerland
U1354,2023-03-15,email,desktop,France
U1355,2023-09-22,social_media,desktop,Switzerland
U1356,2023-08-24,paid_search,tablet,Germany
U1357,2023-06-09,direct,mobile,Austria
U1358,2023-02-14,organic_search,tablet,Germany
U1359,2023-06-09,organic_search,mobile,Austria
U1360,2023-04-18,organic_search,desktop,Germany
U1361,2023-06-13,email,mobile,Germany
U1362,2023-03-22,organic_search,desktop,Austria
U1363,2023-09-21,organic_search,mobile,Austria
U1364,2023-05-19,organic_search,mobile,Germany
U1365,2023-05-06,organic_search,desktop,Netherlands
U1366,2023-10-04,paid_search,desktop,Germany
U1367,2023-01-26,organic_search,desktop,Germany
U1368,2023-04-02,social_media,tablet,Austria
U1369,2023-08-17,social_media,desktop,Netherlands
U1370,2023-10-01,organic_search,tablet,Switzerland
U1371,2023-10-18,organic_search,mobile,Netherlands
U1372,2023-08-28,organic_search,desktop,Austria
U1373,2023-08-27,paid_search,tablet,Germany
U1374,2023-11-12,organic_search,desktop,Germany
U1375,2023-06-19,email,tablet,Germany
U1376,2023-01-16,organic_search,desktop,Germany
U1377,2023-03-29,organic_search,desktop,Austria
U1378,2023-09-18,organic_search,mobile,Switzerland
U1379,2023-06-16,social_media,desktop,Germany
U1380,2023-08-25,paid_search,desktop,Austria
U1381,2023-10-08,organic_search,mobile,Germany
U1382,2023-04-17,email,mobile,Switzerland
U1383,2023-08-11,social_media,desktop,Switzerland
U1384,2023-03-30,social_media,desktop,France
U1385,2023-10-21,email,desktop,Austria
U1386,2023-06-16,social_media,mobile,Germany
U1387,2023-07-27,organic_search,desktop,Netherlands
U1388,2023-07-14,organic_search,mobile,Germany
U1389,2023-04-22,email,tablet,Netherlands
U1390,2023-11-22,email,mobile,Switzerland
U1391,2023-08-20,paid_search,desktop,Austria
U1392,2023-04-11,organic_search,tablet,Germany
U1393,2023-06-05,direct,tablet,Switzerland
U1394,2023-06-26,referral,mobile,Austria
U1395,2023-09-19,paid_search,desktop,Germany
U1396,2023-07-09,direct,tablet,Germany
U1397,2023-10-14,email,desktop,Netherlands
U1398,2023-01-16,organic_search,mobile,Germany
U1399,2023-06-12,social_media,desktop,Germany
U1400,2023-04-19,social_media,mobile,Germany
U1401,2023-07-16,email,desktop,Germany
U1402,2023-05-28,referral,mobile,Germany
U1403,2023-02-06,social_media,desktop,Netherlands
U1404,2023-08-12,referral,desktop,Germany
U1405,2023-08-01,direct,tablet,Switzerland
U1406,2023-08-06,social_media,mobile,Germany
U1407,2023-08-19,paid_search,desktop,Germany
U1408,2023-01-04,social_media,mobile,Germany
U1409,2023-09-14,organic_search,tablet,Austria
U1410,2023-01-18,referral,mobile,Switzerland
U1411,2023-02-27,social_media,tablet,Germany
U1412,2023-09-27,referral,tablet,Switzerland
U1413,2023-08-27,paid_search,mobile,Austria
U1414,2023-05-06,paid_search,mobile,France
U1415,2023-02-09,social_media,mobile,Austria
U1416,2023-11-10,organic_search,desktop,Switzerland
U1417,2023-08-29,paid_search,tablet,Austria
U1418,2023-06-19,paid_search,tablet,Switzerland
U1419,2023-05-29,organic_search,mobile,Austria
U1420,2023-06-05,social_media,mobile,Germany
U1421,2023-08-31,social_media,mobile,Switzerland
U1422,2023-05-30,email,mobile,Germany
U1423,2023-02-12,organic_search,desktop,Switzerland
U1424,2023-05-10,organic_search,desktop,Netherlands
U1425,2023-01-08,email,mobile,Netherlands
U1426,2023-03-19,social_media,desktop,Germany
U1427,2023-05-01,paid_search,mobile,Netherlands
U1428,2023-06-25,referral,tablet,Austria
U1429,2023-03-20,email,mobile,Germany
U1430,2023-07-16,organic_search,desktop,Austria
U1431,2023-04-18,social_media,mobile,Germany
U1432,2023-05-16,email,desktop,Germany
U1433,2023-07-24,paid_search,mobile,France
U1434,2023-09-30,organic_search,mobile,Germany
U1435,2023-05-15,organic_search,tablet,Germany
U1436,2023-08-18,paid_search,desktop,Austria
U1437,2023-01-22,organic_search,mobile,Germany
U1438,2023-08-10,social_media,mobile,Germany
U1439,2023-05-19,organic_search,desktop,Switzerland
U1440,2023-07-20,paid_search,mobile,Germany
U1441,2023-10-29,email,mobile,Switzerland
U1442,2023-04-03,organic_search,desktop,Germany
U1443,2023-02-04,organic_search,desktop,Germany
U1444,2023-08-17,paid_search,mobile,Germany
U1445,2023-01-18,organic_search,desktop,France
U1446,2023-04-22,referral,mobile,Switzerland
U1447,2023-03-03,organic_search,mobile,Germany
U1448,2023-11-28,social_media,tablet,Netherlands
U1449,2023-04-05,organic_search,mobile,France
U1450,2023-11-24,paid_search,tablet,Switzerland
U1451,2023-06-15,organic_search,mobile,Germany
U1452,2023-02-01,paid_search,desktop,Germany
U1453,2023-05-16,organic_search,desktop,France
U1454,2023-04-13,social_media,desktop,Germany
U1455,2023-03-15,paid_search,desktop,Austria
U1456,2023-02-24,direct,mobile,Germany
U1457,2023-02-07,organic_search,mobile,Switzerland
U1458,2023-01-10,direct,desktop,Austria
U1459,2023-01-20,social_media,desktop,Switzerland
U1460,2023-07-20,social_media,mobile,France
U1461,2023-09-09,paid_search,desktop,Switzerland
U1462,2023-02-05,paid_search,desktop,France
U1463,2023-09-04,organic_search,mobile,France
U1464,2023-06-20,social_media,desktop,Austria
U1465,2023-11-28,organic_search,mobile,France
U1466,2023-02-11,email,mobile,Germany
U1467,2023-04-14,organic_search,desktop,Germany
U1468,2023-04-08,organic_search,desktop,Germany
U1469,2023-07-03,paid_search,tablet,Germany
U1470,2023-04-08,organic_search,desktop,Switzerland
U1471,2023-10-31,organic_search,desktop,Switzerland
U1472,2023-11-26,organic_search,mobile,Netherlands
U1473,2023-08-19,referral,desktop,Germany
U1474,2023-06-22,email,desktop,Germany
U1475,2023-12-01,social_media,mobile,Switzerland
U1476,2023-10-02,organic_search,mobile,France
U1477,2023-01-19,email,mobile,Germany
U1478,2023-11-13,organic_search,mobile,Germany
U1479,2023-03-30,social_media,tablet,Netherlands
U1480,2023-02-19,paid_search,desktop,Austria
U1481,2023-02-24,organic_search,mobile,Austria
U1482,2023-02-02,email,desktop,Netherlands
U1483,2023-07-25,organic_search,tablet,Austria
U1484,2023-03-12,organic_search,tablet,Germany
U1485,2023-01-24,social_media,desktop,Germany
U1486,2023-03-14,email,desktop,Germany
U1487,2023-03-26,paid_search,tablet,Germany
U1488,2023-02-21,email,mobile,Germany
U1489,2023-03-22,organic_search,mobile,Germany
U1490,2023-04-02,direct,mobile,Austria
U1491,2023-05-26,paid_search,mobile,Switzerland
U1492,2023-03-06,organic_search,mobile,Austria
U1493,2023-07-30,organic_search,desktop,Switzerland
U1494,2023-11-02,organic_search,mobile,France
U1495,2023-11-18,email,desktop,Germany
U1496,2023-10-13,organic_search,desktop,Austria
U1497,2023-02-18,social_media,tablet,France
U1498,2023-09-17,organic_search,mobile,Switzerland
U1499,2023-05-22,organic_search,desktop,Germany
U1500,2023-08-31,paid_search,desktop,France
U1501,2023-01-28,social_media,desktop,Germany
U1502,2023-06-21,social_media,tablet,Germany
U1503,2023-02-23,email,tablet,Germany
U1504,2023-01-15,paid_search,desktop,Netherlands
U1505,2023-08-16,social_media,desktop,Germany
U1506,2023-06-16,organic_search,desktop,Germany
U1507,2023-05-02,email,tablet,Germany
U1508,2023-04-23,organic_search,mobile,Germany
U1509,2023-08-12,organic_search,tablet,Germany
U1510,2023-07-18,paid_search,mobile,Germany
U1511,2023-07-03,referral,desktop,Germany
U1512,2023-10-19,organic_search,desktop,Netherlands
U1513,2023-08-23,paid_search,mobile,Germany
U1514,2023-06-01,social_media,mobile,Austria
U1515,2023-11-10,direct,mobile,Austria
U1516,2023-04-28,organic_search,tablet,Germany
U1517,2023-04-21,social_media,mobile,Germany
U1518,2023-08-08,email,desktop,Germany
U1519,2023-10-24,organic_search,tablet,France
U1520,2023-10-21,direct,desktop,Germany
U1521,2023-08-29,email,mobile,Germany
U1522,2023-07-21,paid_search,mobile,Netherlands
U1523,2023-08-20,paid_search,desktop,Switzerland
U1524,2023-07-28,direct,desktop,Germany
U1525,2023-11-28,referral,desktop,Switzerland
U1526,2023-03-24,social_media,tablet,Switzerland
U1527,2023-01-13,referral,mobile,Germany
U1528,2023-07-27,organic_search,tablet,Austria
U1529,2023-11-21,organic_search,mobile,Germany
U1530,2023-06-20,paid_search,desktop,Switzerland
U1531,2023-11-10,paid_search,mobile,Switzerland
U1532,2023-02-11,social_media,desktop,France
U1533,2023-09-21,direct,mobile,Netherlands
U1534,2023-02-26,paid_search,mobile,Germany
U1535,2023-07-07,organic_search,mobile,Germany
U1536,2023-04-15,organic_search,desktop,Austria
U1537,2023-11-29,paid_search,tablet,Austria
U1538,2023-04-18,email,mobile,Germany
U1539,2023-05-17,paid_search,desktop,Germany
U1540,2023-07-10,organic_search,mobile,Austria
U1541,2023-03-04,paid_search,mobile,Netherlands
U1542,2023-05-30,paid_search,desktop,Switzerland
U1543,2023-02-03,organic_search,tablet,Germany
U1544,2023-07-20,direct,desktop,France
U1545,2023-02-25,organic_search,desktop,Germany
U1546,2023-03-19,direct,mobile,Austria
U1547,2023-05-31,paid_search,mobile,France
U1548,2023-08-31,organic_search,desktop,Austria
U1549,2023-05-30,organic_search,desktop,Netherlands
U1550,2023-09-24,social_media,desktop,Germany
U1551,2023-11-27,email,mobile,Switzerland
U1552,2023-09-29,email,desktop,Germany
U1553,2023-03-09,direct,desktop,Switzerland
U1554,2023-04-27,paid_search,tablet,Switzerland
U1555,2023-01-25,organic_search,desktop,France
U1556,2023-11-13,direct,mobile,Germany
U1557,2023-03-31,email,mobile,Switzerland
U1558,2023-03-20,organic_search,desktop,France
U1559,2023-10-22,organic_search,desktop,Germany
U1560,2023-10-15,social_media,mobile,France
U1561,2023-03-17,paid_search,mobile,Germany
U1562,2023-06-04,organic_search,desktop,France
U1563,2023-03-16,direct,tablet,Germany
U1564,2023-10-07,referral,desktop,Switzerland
U1565,2023-08-31,direct,tablet,Switzerland
U1566,2023-10-21,social_media,mobile,Switzerland
U1567,2023-08-15,organic_search,desktop,Germany
U1568,2023-01-21,organic_search,mobile,Germany
U1569,2023-07-25,social_media,desktop,Germany
U1570,2023-06-17,organic_search,mobile,Austria
U1571,2023-04-24,email,mobile,Germany
U1572,2023-02-12,paid_search,desktop,Switzerland
U1573,2023-02-14,referral,desktop,Germany
U1574,2023-11-05,social_media,tablet,Netherlands
U1575,2023-07-04,paid_search,mobile,Germany
U1576,2023-07-17,paid_search,desktop,Germany
U1577,2023-08-17,direct,desktop,Switzerland
U1578,2023-08-16,email,desktop,Germany
U1579,2023-03-25,email,tablet,Germany
U1580,2023-08-01,organic_search,mobile,Germany
U1581,2023-04-17,organic_search,tablet,Austria
U1582,2023-06-21,organic_search,tablet,Switzerland
U1583,2023-02-15,organic_search,mobile,Germany
U1584,2023-03-31,social_media,mobile,Switzerland
U1585,2023-03-12,organic_search,mobile,Germany
U1586,2023-09-09,organic_search,mobile,Netherlands
U1587,2023-06-05,paid_search,mobile,Germany
U1588,2023-01-02,organic_search,desktop,Austria
U1589,2023-11-22,paid_search,mobile,Netherlands
U1590,2023-08-02,organic_search,tablet,Austria
U1591,2023-01-15,organic_search,desktop,France
U1592,2023-02-04,social_media,desktop,Germany
U1593,2023-08-12,direct,mobile,Germany
U1594,2023-03-03,paid_search,mobile,Germany
U1595,2023-05-13,organic_search,desktop,Germany
U1596,2023-03-11,paid_search,desktop,Germany
U1597,2023-11-22,direct,desktop,Germany
U1598,2023-09-29,social_media,desktop,Germany
U1599,2023-11-18,organic_search,desktop,Switzerland
U1600,2023-10-06,organic_search,desktop,Netherlands
U1601,2023-06-04,organic_search,mobile,Germany
U1602,2023-10-01,social_media,mobile,Germany
U1603,2023-09-23,organic_search,mobile,Germany
U1604,2023-03-25,organic_search,desktop,Germany
U1605,2023-04-07,email,mobile,Switzerland
U1606,2023-09-27,email,mobile,Switzerland
U1607,2023-02-28,paid_search,tablet,Germany
U1608,2023-03-09,direct,mobile,Germany
U1609,2023-07-05,organic_search,desktop,France
U1610,2023-09-25,email,desktop,Switzerland
U1611,2023-01-15,email,desktop,Germany
U1612,2023-03-14,social_media,desktop,Germany
U1613,2023-02-10,paid_search,mobile,Germany
U1614,2023-01-10,email,mobile,Germany
U1615,2023-02-25,organic_search,mobile,Austria
U1616,2023-08-29,organic_search,desktop,Germany
U1617,2023-01-06,email,mobile,France
U1618,2023-04-16,social_media,desktop,Switzerland
U1619,2023-01-15,organic_search,mobile,France
U1620,2023-10-24,organic_search,desktop,Austria
U1621,2023-11-10,organic_search,mobile,Germany
U1622,2023-10-24,email,mobile,Switzerland
U1623,2023-05-25,organic_search,mobile,Germany
U1624,2023-02-20,direct,tablet,Netherlands
U1625,2023-09-01,paid_search,mobile,Germany
U1626,2023-02-24,organic_search,desktop,Germany
U1627,2023-04-20,paid_search,desktop,Switzerland
U1628,2023-06-10,organic_search,desktop,Germany
U1629,2023-07-04,social_media,mobile,Germany
U1630,2023-06-17,paid_search,desktop,Germany
U1631,2023-06-09,social_media,mobile,Germany
U1632,2023-07-28,organic_search,tablet,Germany
U1633,2023-02-05,direct,mobile,France
U1634,2023-07-08,organic_search,tablet,Germany
U1635,2023-02-23,paid_search,mobile,Switzerland
U1636,2023-03-03,organic_search,desktop,Austria
U1637,2023-02-22,email,tablet,Germany
U1638,2023-07-06,referral,desktop,Austria
U1639,2023-07-26,organic_search,mobile,Switzerland
U1640,2023-05-23,email,mobile,Austria
U1641,2023-11-26,direct,desktop,Switzerland
U1642,2023-07-27,referral,mobile,Germany
U1643,2023-08-21,organic_search,desktop,Germany
U1644,2023-11-18,direct,desktop,Switzerland
U1645,2023-02-04,paid_search,desktop,Germany
U1646,2023-11-06,social_media,desktop,Austria
U1647,2023-02-19,email,mobile,Austria
U1648,2023-09-10,email,desktop,Switzerland
U1649,2023-09-09,paid_search,mobile,Netherlands
U1650,2023-10-04,paid_search,tablet,Germany
U1651,2023-08-09,direct,desktop,Germany
U1652,2023-07-12,paid_search,desktop,Germany
U1653,2023-06-05,direct,desktop,Germany
U1654,2023-06-09,social_media,mobile,Germany
U1655,2023-09-09,social_media,mobile,Austria
U1656,2023-09-01,social_media,desktop,Germany
U1657,2023-05-15,paid_search,tablet,Austria
U1658,2023-06-30,email,desktop,Germany
U1659,2023-10-30,organic_search,mobile,Germany
U1660,2023-10-26,organic_search,tablet,Germany
U1661,2023-02-19,paid_search,tablet,Germany
U1662,2023-01-29,social_media,desktop,Austria
U1663,2023-10-31,organic_search,mobile,Netherlands
U1664,2023-02-28,organic_search,desktop,Germany
U1665,2023-08-24,social_media,desktop,Austria
U1666,2023-08-04,organic_search,mobile,Austria
U1667,2023-06-12,paid_search,desktop,Austria
U1668,2023-09-08,organic_search,mobile,Germany
U1669,2023-09-15,email,mobile,Germany
U1670,2023-06-03,paid_search,desktop,Germany
U1671,2023-02-08,email,mobile,Germany
U1672,2023-01-25,organic_search,mobile,Netherlands
U1673,2023-11-16,email,desktop,Netherlands
U1674,2023-02-18,social_media,desktop,Austria
U1675,2023-09-29,paid_search,desktop,Switzerland
U1676,2023-11-30,email,mobile,Germany
U1677,2023-10-04,organic_search,desktop,Germany
U1678,2023-09-21,paid_search,mobile,Germany
U1679,2023-01-10,social_media,mobile,Germany
U1680,2023-09-13,organic_search,tablet,Switzerland
U1681,2023-08-28,organic_search,mobile,Netherlands
U1682,2023-08-11,direct,mobile,Germany
U1683,2023-04-13,paid_search,desktop,Germany
U1684,2023-06-03,email,desktop,Netherlands
U1685,2023-02-02,social_media,mobile,Germany
U1686,2023-05-27,social_media,desktop,Austria
U1687,2023-07-27,organic_search,desktop,Germany
U1688,2023-06-08,paid_search,mobile,Germany
U1689,2023-11-28,direct,desktop,Germany
U1690,2023-01-15,organic_search,mobile,Switzerland
U1691,2023-04-01,social_media,desktop,Switzerland
U1692,2023-01-11,organic_search,tablet,Germany
U1693,2023-06-02,direct,tablet,Germany
U1694,2023-07-06,social_media,tablet,Germany
U1695,2023-03-13,organic_search,mobile,Austria
U1696,2023-03-03,paid_search,mobile,France
U1697,2023-09-26,organic_search,tablet,Germany
U1698,2023-03-04,email,desktop,Netherlands
U1699,2023-07-19,email,mobile,France
U1700,2023-04-22,organic_search,desktop,France
U1701,2023-08-14,paid_search,tablet,Germany
U1702,2023-10-01,paid_search,tablet,Germany
U1703,2023-08-05,paid_search,desktop,Germany
U1704,2023-03-16,paid_search,mobile,Netherlands
U1705,2023-01-11,social_media,tablet,Germany
U1706,2023-01-28,social_media,mobile,Germany
U1707,2023-10-10,paid_search,mobile,Switzerland
U1708,2023-03-04,paid_search,desktop,Germany
U1709,2023-01-05,direct,desktop,France
U1710,2023-05-11,organic_search,tablet,Switzerland
U1711,2023-06-02,organic_search,tablet,Netherlands
U1712,2023-11-20,organic_search,mobile,Austria
U1713,2023-01-18,organic_search,desktop,Switzerland
U1714,2023-09-09,paid_search,desktop,Netherlands
U1715,2023-08-05,direct,mobile,Netherlands
U1716,2023-05-14,paid_search,desktop,Austria
U1717,2023-10-08,email,mobile,Germany
U1718,2023-01-27,social_media,desktop,Germany
U1719,2023-11-25,organic_search,desktop,Austria
U1720,2023-06-10,social_media,desktop,Germany
U1721,2023-11-29,email,mobile,Switzerland
U1722,2023-06-13,paid_search,tablet,Germany
U1723,2023-03-30,social_media,mobile,Switzerland
U1724,2023-04-12,organic_search,desktop,Germany
U1725,2023-07-13,direct,tablet,Germany
U1726,2023-01-12,direct,mobile,Austria
U1727,2023-02-15,referral,desktop,Switzerland
U1728,2023-03-28,organic_search,mobile,Austria
U1729,2023-03-18,organic_search,desktop,France
U1730,2023-03-02,organic_search,mobile,Switzerland
U1731,2023-08-21,email,mobile,Germany
U1732,2023-04-15,organic_search,tablet,Switzerland
U1733,2023-05-28,email,desktop,Germany
U1734,2023-04-16,social_media,tablet,Germany
U1735,2023-04-07,paid_search,desktop,Germany
U1736,2023-05-29,referral,desktop,Germany
U1737,2023-05-08,paid_search,mobile,Germany
U1738,2023-01-06,paid_search,tablet,France
U1739,2023-07-23,social_media,mobile,Switzerland
U1740,2023-11-02,organic_search,desktop,Germany
U1741,2023-06-20,direct,mobile,Germany
U1742,2023-11-07,direct,tablet,Austria
U1743,2023-01-24,organic_search,mobile,Germany
U1744,2023-07-22,social_media,desktop,Netherlands
U1745,2023-01-22,social_media,desktop,Austria
U1746,2023-06-23,direct,desktop,Germany
U1747,2023-09-29,paid_search,desktop,Germany
U1748,2023-03-07,paid_search,tablet,Germany
U1749,2023-07-04,direct,desktop,Netherlands
U1750,2023-11-10,email,tablet,Austria
U1751,2023-08-12,direct,desktop,France
U1752,2023-03-19,social_media,tablet,Austria
U1753,2023-08-14,organic_search,desktop,Germany
U1754,2023-01-19,paid_search,desktop,Germany
U1755,2023-03-01,referral,tablet,Germany
U1756,2023-07-02,referral,mobile,Germany
U1757,2023-02-27,email,tablet,Germany
U1758,2023-02-17,organic_search,desktop,Netherlands
U1759,2023-09-18,email,mobile,Switzerland
U1760,2023-04-19,social_media,tablet,Austria
U1761,2023-10-20,organic_search,tablet,Germany
U1762,2023-09-13,social_media,tablet,Germany
U1763,2023-03-04,paid_search,mobile,France
U1764,2023-06-15,organic_search,desktop,Netherlands
U1765,2023-09-03,paid_search,tablet,Austria
U1766,2023-01-03,organic_search,desktop,Austria
U1767,2023-08-20,organic_search,mobile,Switzerland
U1768,2023-10-19,organic_search,tablet,Netherlands
U1769,2023-05-25,organic_search,desktop,Germany
U1770,2023-11-05,paid_search,desktop,Germany
U1771,2023-07-24,organic_search,tablet,Germany
U1772,2023-07-26,organic_search,mobile,Switzerland
U1773,2023-03-03,organic_search,mobile,Switzerland
U1774,2023-06-08,direct,mobile,Germany
U1775,2023-02-19,email,mobile,Germany
U1776,2023-07-18,paid_search,mobile,Germany
U1777,2023-08-05,email,mobile,Germany
U1778,2023-08-07,organic_search,mobile,France
U1779,2023-04-25,social_media,mobile,France
U1780,2023-09-27,social_media,mobile,Germany
U1781,2023-08-12,organic_search,mobile,Germany
U1782,2023-03-07,social_media,desktop,Germany
U1783,2023-08-07,organic_search,desktop,Germany
U1784,2023-01-24,paid_search,mobile,Germany
U1785,2023-08-26,social_media,mobile,Germany
U1786,2023-05-11,social_media,mobile,Germany
U1787,2023-08-25,organic_search,desktop,Germany
U1788,2023-02-12,paid_search,mobile,Germany
U1789,2023-08-21,email,desktop,Netherlands
U1790,2023-06-24,referral,tablet,Germany
U1791,2023-04-05,organic_search,tablet,Germany
U1792,2023-02-24,paid_search,desktop,Germany
U1793,2023-01-07,organic_search,mobile,Switzerland
U1794,2023-11-05,social_media,desktop,Netherlands
U1795,2023-11-12,paid_search,mobile,Switzerland
U1796,2023-07-22,email,desktop,Germany
U1797,2023-04-08,organic_search,desktop,France
U1798,2023-01-14,organic_search,mobile,Austria
U1799,2023-08-12,email,tablet,Austria
U1800,2023-02-14,organic_search,mobile,Germany
U1801,2023-01-12,organic_search,tablet,Switzerland
U1802,2023-08-16,referral,mobile,Netherlands
U1803,2023-10-27,organic_search,desktop,Netherlands
U1804,2023-07-20,organic_search,desktop,Austria
U1805,2023-08-10,referral,mobile,Switzerland
U1806,2023-11-02,email,tablet,Germany
U1807,2023-07-24,paid_search,mobile,Austria
U1808,2023-09-07,organic_search,desktop,Germany
U1809,2023-10-23,organic_search,desktop,Netherlands
U1810,2023-08-02,direct,desktop,Austria
U1811,2023-11-27,organic_search,mobile,Germany
U1812,2023-05-28,social_media,mobile,Germany
U1813,2023-09-17,organic_search,tablet,Germany
U1814,2023-11-05,direct,mobile,Germany
U1815,2023-05-31,social_media,desktop,Germany
U1816,2023-12-01,email,mobile,Switzerland
U1817,2023-03-24,social_media,desktop,Switzerland
U1818,2023-09-05,organic_search,desktop,Austria
U1819,2023-02-21,email,tablet,Germany
U1820,2023-05-01,organic_search,desktop,Germany
U1821,2023-05-14,paid_search,desktop,Netherlands
U1822,2023-09-15,organic_search,desktop,Germany
U1823,2023-11-13,organic_search,mobile,Germany
U1824,2023-06-24,email,mobile,Switzerland
U1825,2023-10-13,organic_search,desktop,Switzerland
U1826,2023-09-21,social_media,desktop,Germany
U1827,2023-08-13,email,tablet,Switzerland
U1828,2023-02-24,email,mobile,Netherlands
U1829,2023-02-22,email,desktop,Germany
U1830,2023-11-19,organic_search,desktop,Germany
U1831,2023-05-30,social_media,mobile,Germany
U1832,2023-02-20,organic_search,desktop,Netherlands
U1833,2023-03-04,email,desktop,Germany
U1834,2023-01-04,organic_search,mobile,Germany
U1835,2023-09-16,organic_search,desktop,Switzerland
U1836,2023-08-01,paid_search,mobile,Germany
U1837,2023-09-29,paid_search,desktop,Netherlands
U1838,2023-07-31,direct,tablet,France
U1839,2023-09-22,email,desktop,Germany
U1840,2023-03-16,email,mobile,Austria
U1841,2023-02-05,organic_search,desktop,France
U1842,2023-03-26,paid_search,desktop,Germany
U1843,2023-11-25,organic_search,mobile,France
U1844,2023-09-24,referral,desktop,Netherlands
U1845,2023-10-11,direct,mobile,Germany
U1846,2023-06-26,organic_search,desktop,Austria
U1847,2023-03-17,social_media,desktop,Germany
U1848,2023-10-06,social_media,mobile,Germany
U1849,2023-06-26,direct,mobile,Germany
U1850,2023-04-12,direct,desktop,Austria
U1851,2023-07-19,social_media,mobile,Germany
U1852,2023-10-04,organic_search,desktop,Austria
U1853,2023-09-24,organic_search,mobile,Germany
U1854,2023-10-04,social_media,desktop,Switzerland
U1855,2023-08-05,referral,desktop,Germany
U1856,2023-07-10,organic_search,mobile,Germany
U1857,2023-11-30,direct,desktop,Austria
U1858,2023-01-03,paid_search,tablet,Netherlands
U1859,2023-10-25,social_media,tablet,Austria
U1860,2023-10-01,email,desktop,Germany
U1861,2023-10-21,social_media,mobile,Austria
U1862,2023-05-07,organic_search,mobile,Germany
U1863,2023-07-04,paid_search,desktop,Germany
U1864,2023-07-30,organic_search,desktop,Netherlands
U1865,2023-09-01,organic_search,desktop,Switzerland
U1866,2023-07-26,social_media,mobile,Germany
U1867,2023-05-16,social_media,mobile,France
U1868,2023-09-08,email,desktop,Germany
U1869,2023-09-16,organic_search,mobile,Germany
U1870,2023-09-20,direct,desktop,Germany
U1871,2023-08-31,organic_search,desktop,Austria
U1872,2023-03-02,social_media,desktop,Germany
U1873,2023-10-20,organic_search,mobile,Germany
U1874,2023-06-06,referral,desktop,Germany
U1875,2023-03-15,organic_search,mobile,Germany
U1876,2023-06-06,direct,desktop,Netherlands
U1877,2023-09-08,organic_search,mobile,Germany
U1878,2023-01-23,paid_search,mobile,Austria
U1879,2023-06-22,email,mobile,Switzerland
U1880,2023-11-07,organic_search,desktop,Austria
U1881,2023-08-19,social_media,desktop,Switzerland
U1882,2023-02-15,email,mobile,Germany
U1883,2023-04-30,direct,desktop,Germany
U1884,2023-08-15,email,mobile,Netherlands
U1885,2023-01-13,social_media,mobile,Switzerland
U1886,2023-10-15,social_media,mobile,Germany
U1887,2023-11-13,paid_search,mobile,France
U1888,2023-09-25,organic_search,mobile,Netherlands
U1889,2023-03-03,social_media,mobile,France
U1890,2023-05-21,email,desktop,Switzerland
U1891,2023-10-24,paid_search,mobile,Austria
U1892,2023-07-25,social_media,mobile,France
U1893,2023-06-24,paid_search,desktop,Netherlands
U1894,2023-06-12,paid_search,desktop,France
U1895,2023-10-05,organic_search,desktop,Germany
U1896,2023-02-15,organic_search,tablet,Switzerland
U1897,2023-01-31,social_media,desktop,Germany
U1898,2023-01-30,organic_search,desktop,Germany
U1899,2023-06-15,organic_search,tablet,Netherlands
U1900,2023-01-27,organic_search,mobile,Austria
U1901,2023-09-10,paid_search,mobile,France
U1902,2023-05-18,organic_search,mobile,Germany
U1903,2023-09-05,organic_search,mobile,Netherlands
U1904,2023-01-10,organic_search,tablet,Switzerland
U1905,2023-05-07,email,mobile,Germany
U1906,2023-10-18,paid_search,desktop,Austria
U1907,2023-04-15,email,desktop,Austria
U1908,2023-03-28,email,mobile,Germany
U1909,2023-10-12,paid_search,desktop,Germany
U1910,2023-11-14,organic_search,tablet,Germany
U1911,2023-09-04,organic_search,desktop,Switzerland
U1912,2023-06-29,email,desktop,Netherlands
U1913,2023-05-25,organic_search,mobile,Austria
U1914,2023-06-03,organic_search,mobile,Netherlands
U1915,2023-10-12,referral,tablet,Germany
U1916,2023-09-16,referral,desktop,Switzerland
U1917,2023-06-25,social_media,tablet,Switzerland
U1918,2023-05-20,organic_search,tablet,Germany
U1919,2023-08-24,referral,desktop,Netherlands
U1920,2023-03-10,social_media,desktop,Germany
U1921,2023-01-05,social_media,desktop,Netherlands
U1922,2023-09-08,email,mobile,Switzerland
U1923,2023-11-29,social_media,mobile,Netherlands
U1924,2023-08-16,social_media,desktop,Netherlands
U1925,2023-11-04,paid_search,desktop,Switzerland
U1926,2023-01-05,organic_search,desktop,Germany
U1927,2023-01-05,organic_search,desktop,Germany
U1928,2023-07-03,organic_search,mobile,Austria
U1929,2023-04-24,organic_search,mobile,Germany
U1930,2023-05-24,paid_search,mobile,Austria
U1931,2023-01-04,organic_search,mobile,Germany
U1932,2023-05-23,social_media,mobile,Austria
U1933,2023-10-17,social_media,mobile,Germany
U1934,2023-10-29,organic_search,desktop,Germany
U1935,2023-10-19,direct,tablet,Switzerland
U1936,2023-05-21,organic_search,mobile,France
U1937,2023-09-30,social_media,mobile,Netherlands
U1938,2023-01-02,direct,mobile,France
U1939,2023-01-27,direct,desktop,Netherlands
U1940,2023-07-28,organic_search,mobile,Germany
U1941,2023-07-05,paid_search,desktop,Switzerland
U1942,2023-01-25,organic_search,desktop,Germany
U1943,2023-01-03,paid_search,desktop,Netherlands
U1944,2023-01-13,referral,desktop,Switzerland
U1945,2023-02-08,direct,desktop,Germany
U1946,2023-02-02,social_media,desktop,Germany
U1947,2023-01-13,social_media,mobile,Germany
U1948,2023-05-09,organic_search,mobile,France
U1949,2023-01-28,email,mobile,Germany
U1950,2023-02-07,email,mobile,Switzerland
U1951,2023-11-17,paid_search,desktop,France
U1952,2023-01-18,paid_search,tablet,Switzerland
U1953,2023-03-07,organic_search,mobile,Germany
U1954,2023-11-09,social_media,desktop,Switzerland
U1955,2023-10-14,organic_search,mobile,Germany
U1956,2023-11-13,email,desktop,Austria
U1957,2023-11-16,organic_search,desktop,Switzerland
U1958,2023-11-14,social_media,desktop,France
U1959,2023-01-14,paid_search,desktop,Germany
U1960,2023-02-22,organic_search,mobile,Austria
U1961,2023-04-10,direct,desktop,Austria
U1962,2023-07-01,paid_search,mobile,Germany
U1963,2023-05-05,organic_search,desktop,Germany
U1964,2023-10-27,paid_search,tablet,Switzerland
U1965,2023-06-09,social_media,mobile,Germany
U1966,2023-08-29,organic_search,desktop,Germany
U1967,2023-01-05,paid_search,mobile,Germany
U1968,2023-05-02,paid_search,mobile,Netherlands
U1969,2023-08-05,organic_search,tablet,Austria
U1970,2023-04-14,email,desktop,Switzerland
U1971,2023-08-28,social_media,desktop,Austria
U1972,2023-06-21,social_media,desktop,Germany
U1973,2023-08-21,direct,tablet,Germany
U1974,2023-01-02,social_media,mobile,Germany
U1975,2023-04-20,organic_search,mobile,France
U1976,2023-06-19,email,desktop,Germany
U1977,2023-01-04,paid_search,desktop,Germany
U1978,2023-02-28,organic_search,desktop,Austria
U1979,2023-07-04,organic_search,desktop,Germany
U1980,2023-03-31,organic_search,desktop,Germany
U1981,2023-10-11,organic_search,desktop,Germany
U1982,2023-05-15,direct,desktop,Switzerland
U1983,2023-07-14,social_media,tablet,Germany
U1984,2023-04-18,organic_search,desktop,Netherlands
U1985,2023-03-29,direct,tablet,France
U1986,2023-08-11,direct,desktop,Germany
U1987,2023-03-08,email,desktop,Germany
U1988,2023-07-11,organic_search,desktop,Austria
U1989,2023-01-24,email,mobile,Netherlands
U1990,2023-05-31,email,desktop,Germany
U1991,2023-05-24,direct,tablet,France
U1992,2023-09-08,organic_search,desktop,Germany
U1993,2023-11-11,organic_search,mobile,Switzerland
U1994,2023-11-27,email,desktop,Austria
U1995,2023-04-02,organic_search,desktop,Switzerland
U1996,2023-09-11,paid_search,mobile,Austria
U1997,2023-10-26,social_media,desktop,Netherlands
U1998,2023-08-20,direct,desktop,Germany
U1999,2023-07-13,social_media,tablet,Germany
U2000,2023-10-09,organic_search,mobile,Germany
